SC_Name,Historian_name,Description,Pid_identifier,Units,Read_interval,Notes
WLP_LIT01,XE1T.WLP_INDLEVL_H20_1.PI,Water level in Tank,LIT01,m,,it measure pressure between top and bottom WT with which one computes the hight of the water
RSX_WLN2,XE1T.RSX_LN2_MMON_ALMAI_AI_.PI,Mass of liquid N2 in the dewars,WLN2,kg,,
RSX_WI301_MMONLB_ALM,XE1T.RSX_WI301_MMON_RB_REQ2SCADA.ST,,WI301_MMONLB_ALM,,,
RSX_WI301_MMONL_ALM,XE1T.RSX_WI301M_THRS_AI.PI,,WI301_MMONL_ALM,,,
RSX_WI301,XE1T.RSX_WI301_MMON_AI.PI,Mass of Xe in ReStoX,WI301,tons,,
RSX_WGN2,XE1T.RSX_GN2_MMON_ALMAI_AI_.PI,Mass of gas N2 in the dewars,WGN2,kg,,
RSX_TT322,XE1T.RSX_TE322_TMON_AI.PI,Heat exchanger temperature GXe in,TT322,degC,,
RSX_TT321,XE1T.RSX_TE321_TMON_AI.PI,Heat exchanger temperature GXe out,TT321,degC,,
RSX_TT320,XE1T.RSX_TE320_TMON_AI.PI,Heat exchanger temperature LXe out,TT320,degC,,
RSX_TT319,XE1T.RSX_TE319_TMON_AI.PI,Heat exchanger temperature LXe in,TT319,degC,,
RSX_TT318,XE1T.RSX_TE318_TMON_AI.PI,Top sphere temperature - on N2 pipe - N2 side,TT318,degC,,
RSX_TT317,XE1T.RSX_TE317_TMON_AI.PI,Top sphere temperature - on sphere - N2 side,TT317,degC,,
RSX_TT316,XE1T.RSX_TE316_TMON_AI.PI,Middle sphere temperature - on N2 pipe - N2 side,TT316,degC,,
RSX_TT315,XE1T.RSX_TE315_TMON_AI.PI,Middle sphere temperature - on sphere - N2 side,TT315,degC,,
RSX_TT314,XE1T.RSX_TE314_TMON_AI.PI,Bottom sphere temperature - on N2 pipe - N2 side,TT314,degC,,
RSX_TT313,XE1T.RSX_TE313_TMON_AI.PI,Bottom sphere temperature - on sphere - N2 side,TT313,degC,,
RSX_TT312,XE1T.RSX_TE312_TMON_AI.PI,Top sphere temperature - on N2 pipe,TT312,degC,,
RSX_TT311,XE1T.RSX_TE311_TMON_AI.PI,Top sphere temperature - on sphere,TT311,degC,,
RSX_TT310,XE1T.RSX_TE310_TMON_AI.PI,Middle sphere temperature - on N2 pipe,TT310,degC,,
RSX_TT309,XE1T.RSX_TE309_TMON_AI.PI,Middle sphere temperature - on sphere,TT309,degC,,
RSX_TT308,XE1T.RSX_TE308_TMON_AI.PI,Bottom sphere temperature - on N2 pipe,TT308,degC,,
RSX_TT307,XE1T.RSX_TE307_TMON_AI.PI,Bottom sphere temperature - on sphere,TT307,degC,,
RSX_TT306,XE1T.RSX_TE306_TMON_AI.PI,Condenser temperature LN2 in,TT306,degC,,
RSX_TT305,XE1T.RSX_TE305_TMON_AI.PI,Condenser temperature GN2 out,TT305,degC,,
RSX_TT304A,XE1T.RSX_TE304A_TMON_ALM_IND_A_.PI,Heater temperature top,TT304A,degC,,
RSX_TT303B,XE1T.RSX_TE303B_TMON_ALM_IND_A_.PI,Condenser temperature in,TT303B,degC,,
RSX_TT303A,XE1T.RSX_TE303A_TMON_AI.PI,Condenser temperature out,TT303A,degC,,
RSX_TT302,XE1T.RSX_TE302_TMON_AI.PI,N2 temperature out the sphere,TT302,degC,,
RSX_TT301,XE1T.RSX_TE301_TMON_ALMAI_IND_A_.PI,N2 temperature in the sphere,TT301,degC,,
RSX_TP308,,,TP308,,,
RSX_TE313,XE1T.RSX_TE313_TMON_AI.PI,,TE313,degC,,
RSX_TE304A_TMONHB_ALM,XE1T.RSX_TE304AH_RB_REQ2SCADA.ST,,TE304A_TMONHB_ALM,,,
RSX_TE304A_TMONH_ALM,XE1T.RSX_TE304AH_RAO_REQ2SCADA.PI,,TE304A_TMONH_ALM,,,
RSX_TE304A,XE1T.RSX_TE304A_TMON_ALM_IND_A_.PI,,TE304A,degC,,
RSX_TE303BTMONLLB_ALM,XE1T.RSX_TE303BLL_RB_REQ2SCADA.ST,,TE303BTMONLLB_ALM,,,
RSX_TE303BTMONLL_ALM,XE1T.RSX_TE303BLL_RAO_REQ2SCADA.PI,,TE303BTMONLL_ALM,,,
RSX_TE303BTMONLB_ALM,XE1T.RSX_TE303BL_RB_REQ2SCADA.ST,,TE303BTMONLB_ALM,,,
RSX_TE303BTMONL_ALM,XE1T.RSX_TE303BL_RAO_REQ2SCADA.PI,,TE303BTMONL_ALM,,,
RSX_TE301TMONLLB_ALM,XE1T.RSX_TE301LL_RB_REQ2SCADA.ST,,TE301TMONLLB_ALM,,,
RSX_TE301TMONLL_ALM,XE1T.RSX_TE301LL_RAO_REQ2SCADA.PI,,TE301TMONLL_ALM,,,
RSX_TE301_TMONLB_ALM,XE1T.RSX_TE301L_RB_REQ2SCADA.ST,,TE301_TMONLB_ALM,,,
RSX_TE301_TMONL_ALM,XE1T.RSX_TE301L_RAO_REQ2SCADA.PI,,TE301_TMONL_ALM,,,
RSX_TE301_TMONHB_ALM,XE1T.RSX_TE301H_RB_REQ2SCADA.ST,,TE301_TMONHB_ALM,,,
RSX_TE301_TMONH_ALM,XE1T.RSX_TE301H_RAO_REQ2SCADA.PI,,TE301_TMONH_ALM,,,
RSX_TCV303V,XE1T.RSX_TCV303_R_REQ2SCADA.ST,,TCV303V,,,
RSX_TCV303S,XE1T.RSX_TCV303_SRAO_REQ2SCADA.PI,,TCV303S,,,
RSX_TCV303,XE1T.RSX_TCV303_RAO_REQ2SCADA.PI,,TCV303,,,
RSX_TCV302V,XE1T.RSX_TCV302_B_DOUT_.ST,,TCV302V,,,
RSX_TCV302,XE1T.RSX_TCV302_RAO_REQ2SCADA.PI,,TCV302,,,
RSX_R302S,XE1T.RSX_R302_SRAO_REQ2SCADA.PI,,R302S,,,
RSX_R302,XE1T.RSX_R302_RAO_REQ2SCADA.PI,Heater for pressurization,R302,degC,,
RSX_R301,XE1T.RSX_R301_RAO_REQ2SCADA.PI,,R301,,,
RSX_PT307,XE1T.RSX_PT307_PMON_AI_IND_A_.PI,Vacuum in the insulating shell,PT307,mbar,,
RSX_PT305,XE1T.RSX_PT305_PMON_AI.PI,Pressure in heat exchanger via purifier,PT305,bar,,
RSX_PT304,XE1T.RSX_PT304_PMON_AI.PI,Pressure after the rupture disk,PT304,bar,,
RSX_PT303,XE1T.RSX_PT303_PMON_AI.PI,Pressure after the rupture disk,PT303,bar,,
RSX_PT302S,XE1T.RSX_PT302_SRAO_REQ2SCADA.PI,,PT302S,,,
RSX_PT302_PMONHHHB_ALM,XE1T.RSX_PT302HHH_RB_REQ2SCADA.ST,,PT302_PMONHHHB_ALM,,,
RSX_PT302_PMONHHH_ALM,XE1T.RSX_PT302HHH_RAO_REQ2SCADA.PI,,PT302_PMONHHH_ALM,,,
RSX_PT302_PMONHHB_ALM,XE1T.RSX_PT302HH_RB_REQ2SCADA.ST,,PT302_PMONHHB_ALM,,,
RSX_PT302_PMONHH_ALM,XE1T.RSX_PT302HH_RAO_REQ2SCADA.PI,,PT302_PMONHH_ALM,,,
RSX_PT302_PMONHB_ALM,XE1T.RSX_PT302H_INALM_REQ2SCADA.ST,,PT302_PMONHB_ALM,,,
RSX_PT302_PMONH_ALM,XE1T.RSX_PT302PSPTALM.PI,,PT302_PMONH_ALM,,,
RSX_PT302,XE1T.RSX_PT302_PMON_ALMAI_IND_A_.PI,Pressure in the sphere - max 10 barg,PT302,barg,,
RSX_PT301,XE1T.RSX_PT301_PMON_AI.PI,Pressure in the sphere - max 100 barg,PT301,bar A,,
RSX_PLN2,XE1T.RSX_LN2_PMON_ALMAI_AI_.PI,Pressure of liquid N2 in the dewars,PLN2,barg,,
RSX_PGN2,XE1T.RSX_GN2_PMON_ALMAI_AI_.PI,Pressure of gas N2 in the dewars,PGN2,barg,,
RSX_LN2_PMONLLB_ALM,XE1T.RSX_LN2PLL_RB_REQ2SCADA.ST,,LN2_PMONLLB_ALM,,,
RSX_LN2_PMONLL_ALM,XE1T.RSX_LN2PLL_RAO_REQ2SCADA.PI,,LN2_PMONLL_ALM,,,
RSX_LN2_MMONLLB_ALM,XE1T.RSX_LN2MLL_RB_REQ2SCADA.ST,,LN2_MMONLLB_ALM,,,
RSX_LN2_MMONLL_ALM,XE1T.RSX_LN2MLL_RAO_REQ2SCADA.PI,,LN2_MMONLL_ALM,,,
RSX_LN2_MMON_ALMAI,XE1T.PUR_PT205_AI_.PI,Pressure at outlet of system and outlet of HALO,LN2_MMON_ALMAI,bar,,
RSX_HV323V,XE1T.RSX_HEV323_B_DOUT_.ST,,HV323V,,,
RSX_HEV322V,XE1T.RSX_HEV322_B_DOUT_.ST,,HEV322V,,,
RSX_GN2_PMONLLB_ALM,XE1T.RSX_GN2PLL_RB_REQ2SCADA.ST,,GN2_PMONLLB_ALM,,,
RSX_GN2_PMONLL_ALM,XE1T.RSX_GN2PLL_RAO_REQ2SCADA.PI,,GN2_PMONLL_ALM,,,
RSX_GN2_MMONLLB_ALM,XE1T.RSX_GN2MLL_RB_REQ2SCADA.ST,,GN2_MMONLLB_ALM,,,
RSX_GN2_MMONLL_ALM,XE1T.RSX_GN2MLL_RAO_REQ2SCADA.PI,,GN2_MMONLL_ALM,,,
RSX_FV310V,XE1T.RSX_FV310_G_REQ2SCADA.ST,,FV310V,,,
RSX_FV307V,XE1T.RSX_FV307_B_DOUT_.ST,,FV307V,,,
RSX_FV306V,XE1T.RSX_FV306_B_DOUT_.ST,,FV306V,,,
RSX_FV109V,XE1T.CRY_FV109_B_DINTDO.ST,,FV109V,,,
RSX_FV108V,XE1T.CRY_FV108_B_DINTDO.ST,,FV108V,,,
RSX_FV105V,XE1T.CRY_FV105_G_REQ2SCADA.ST,,FV105V,,,
RSX_FV104V,XE1T.CRY_FV104_G_REQ2SCADA.ST,,FV104V,,,
RSX_FCV301V,XE1T.RSX_FCV301_B_DOUT_.ST,,FCV301V,,,
RSX_FCV301,XE1T.RSX_TY301_RAO_REQ2SCADA.PI,,FCV301,,,
RSX_DPT317,XE1T.RSX_DPT307_LMON_AI.PI,Differential pressure in the sphere,DPT317,mbarg,,
RSX_DELTAT302HHB_ALM,XE1T.RSX_DT302HH_RB_REQ2SCADA.ST,,DELTAT302HHB_ALM,,,
RSX_DELTAT302HH_ALM,XE1T.RSX_DT302HH_RAO_REQ2SCADA.PI,,DELTAT302HH_ALM,,,
RSX_DELTAT302HB_ALM,XE1T.RSX_DT302H_RB_REQ2SCADA.ST,,DELTAT302HB_ALM,,,
RSX_DELTAT302H_ALM,XE1T.RSX_DT302H_RAO_REQ2SCADA.PI,,DELTAT302H_ALM,,,
RSX_DELTAT302,XE1T.RSX_DELTAT302_AI.PI,Absolute difference TT314_Tmon - TT313_Tmon,DELTAT302,degC,,
RSX_DELTAT301HHB_ALM,XE1T.RSX_DT301HH_RB_REQ2SCADA.ST,,DELTAT301HHB_ALM,,,
RSX_DELTAT301HH_ALM,XE1T.RSX_DT301HH_RAO_REQ2SCADA.PI,,DELTAT301HH_ALM,,,
RSX_DELTAT301HB_ALM,XE1T.RSX_DT301H_RB_REQ2SCADA.ST,,DELTAT301HB_ALM,,,
RSX_DELTAT301H_ALM,XE1T.RSX_DT301H_RAO_REQ2SCADA.PI,,DELTAT301H_ALM,,,
RSX_DELTAT301,XE1T.RSX_DELTAT301_AI.PI,Absolute difference TT308_Tmon - TT307_Tmon,DELTAT301,degC,,
PUR_VT252,XE1T.PUR_VT252_QDRIVE252_AI_.PI,Vibration of Q-drive 2,VT252,g (rms),,
PUR_VT251,XE1T.PUR_VT251_QDRIVE251_AI_.PI,Vibration of Q-drive 1,VT251,g (rms),,
PUR_VT202_QDRIVE252_HHB,XE1T.PUR_AI_VT252_A_HH_REQ2SCADA.ST,,VT202_QDRIVE252_HHB,,,
PUR_VT202_QDRIVE252_HH,XE1T.PUR_AI_VT252_HH_REQ2SCADA.PI,,VT202_QDRIVE252_HH,,,
PUR_VT202_QDRIVE252_HB,XE1T.PUR_AI_VT252_A_H_REQ2SCADA.ST,,VT202_QDRIVE252_HB,,,
PUR_VT202_QDRIVE252_H,XE1T.PUR_AI_VT252_H_REQ2SCADA.PI,,VT202_QDRIVE252_H,,,
PUR_VT202,XE1T.PUR_VT252_QDRIVE252_AI_.PI,Vibration of Q-drive 2,VT202,g (rms),,
PUR_VT201_QDRIVE251_HHB,XE1T.PUR_AI_VT251_A_HH_REQ2SCADA.ST,,VT201_QDRIVE251_HHB,,,
PUR_VT201_QDRIVE251_HH,XE1T.PUR_AI_VT251_HH_REQ2SCADA.PI,,VT201_QDRIVE251_HH,,,
PUR_VT201_QDRIVE251_HB,XE1T.PUR_AI_VT251_A_H_REQ2SCADA.ST,,VT201_QDRIVE251_HB,,,
PUR_VT201_QDRIVE251_H,XE1T.PUR_AI_VT251_H_REQ2SCADA.PI,,VT201_QDRIVE251_H,,,
PUR_VT201,XE1T.PUR_VT251_QDRIVE251_AI_.PI,Vibration of Q-drive 1,VT201,g (rms),,
PUR_TT202_QDRIVE252_HHB,XE1T.PUR_AI_TT202_A_HH_REQ2SCADA.ST,,TT202_QDRIVE252_HHB,,,
PUR_TT202_QDRIVE252_HH,XE1T.PUR_AI_TT202_HH_REQ2SCADA.PI,,TT202_QDRIVE252_HH,,,
PUR_TT202_QDRIVE252_HB,XE1T.PUR_AI_TT202_A_H_REQ2SCADA.ST,,TT202_QDRIVE252_HB,,,
PUR_TT202_QDRIVE252_H,XE1T.PUR_AI_TT202_H_REQ2SCADA.PI,,TT202_QDRIVE252_H,,,
PUR_TT201_QDRIVE251_HHB,XE1T.PUR_AI_TT201_A_HH_REQ2SCADA.ST,,TT201_QDRIVE251_HHB,,,
PUR_TT201_QDRIVE251_HH,XE1T.PUR_AI_TT201_HH_REQ2SCADA.PI,,TT201_QDRIVE251_HH,,,
PUR_TT201_QDRIVE251_HB,XE1T.PUR_AI_TT201_A_H_REQ2SCADA.ST,,TT201_QDRIVE251_HB,,,
PUR_TT201_QDRIVE251_H,XE1T.PUR_AI_TT201_H_REQ2SCADA.PI,,TT201_QDRIVE251_H,,,
PUR_TE202,XE1T.PUR_TT202_TQDRIVE251_AI_.PI,Temperature at Q-drive 1 outlet,TE202,degC,,
PUR_TE201,XE1T.PUR_TT201_TQDRIVE251_AI_.PI,Temperature at Q-drive 1 body,TE201,degC,,
PUR_QD252VOLTAGES,XE1T.PUR_QD_Q2_VSET_REQ2SCADA.PI,,QD252VOLTAGES,,,
PUR_QD252VOLTAGE,XE1T.PUR_Q2_VOLTREAD_S.PI,Q-drive 2 power supply voltage,QD252VOLTAGE,V,,
PUR_QD252REMOTE,XE1T.PUR_Q2_REMOTE_REQ2SCADA.ST,,QD252REMOTE,,,
PUR_QD252NOMINALVOLTAGES,XE1T.PUR_QD_Q2_VNOM_REQ2SCADA.PI,,QD252NOMINALVOLTAGES,,,
PUR_QD252NOMINALVOLTAGE,XE1T.PUR_Q2_VOLTNOM_READ_S.PI,,QD252NOMINALVOLTAGE,,,
PUR_QD252NOMINALCURRENTS,XE1T.PUR_QD_Q2_VNOM_REQ2SCADA.PI,,QD252NOMINALCURRENTS,,,
PUR_QD252NOMINALCURRENT,XE1T.PUR_Q2_CURRENTNOM_READ_S.PI,,QD252NOMINALCURRENT,,,
PUR_QD252MAXVOLTAGES,XE1T.PUR_QD_Q2_VMAX_REQ2SCADA.PI,,QD252MAXVOLTAGES,,,
PUR_QD252MAXVOLTAGE,XE1T.PUR_Q2_VOLTMAX_READ_S.PI,,QD252MAXVOLTAGE,,,
PUR_QD252MAXFREQUENCYS,XE1T.PUR_QD_Q2_FMAX_REQ2SCADA.PI,,QD252MAXFREQUENCYS,,,
PUR_QD252MAXFREQUENCY,XE1T.PUR_Q2_MAXFREQ_S.PI,,QD252MAXFREQUENCY,,,
PUR_QD252LOCAL,XE1T.PUR_Q2_LOCAL_REQ2SCADA.ST,,QD252LOCAL,,,
PUR_QD252FREQUENCYS,XE1T.PUR_QD_Q2_FSET_REQ2SCADA.PI,,QD252FREQUENCYS,,,
PUR_QD252FREQUENCY,XE1T.PUR_Q2_FREQREAD_S.PI,Q-drive 2 power supply frequency,QD252FREQUENCY,Hz,,
PUR_QD252CURRENT,XE1T.PUR_Q2_CURRENTREAD_S.PI,Q-drive 2 power supply current,QD252CURRENT,A,,
PUR_QD252,XE1T.PUR_QD_QD252_G_REQ2SCADA.ST,,QD252,,,
PUR_QD251VOLTAGES,XE1T.PUR_QD_Q1_V_REQ2SCADA.PI,,QD251VOLTAGES,,,
PUR_QD251VOLTAGE,XE1T.PUR_Q1_VOLTREAD_S.PI,Q-drive 1 power supply voltage,QD251VOLTAGE,V,,
PUR_QD251REMOTE,XE1T.PUR_Q1_REMOTE_REQ2SCADA.ST,,QD251REMOTE,,,
PUR_QD251NOMINALVOLTAGES,XE1T.PUR_QD_Q1_CNOM_REQ2SCADA.PI,,QD251NOMINALVOLTAGES,,,
PUR_QD251NOMINALVOLTAGE,XE1T.PUR_Q1_VOLTNOM_READ_S.PI,,QD251NOMINALVOLTAGE,,,
PUR_QD251NOMINALCURRENTS,XE1T.PUR_QD_Q1_CNOM_REQ2SCADA.PI,,QD251NOMINALCURRENTS,,,
PUR_QD251NOMINALCURRENT,XE1T.PUR_Q1_CURRENTNOM_READ_S.PI,,QD251NOMINALCURRENT,,,
PUR_QD251MAXVOLTAGES,XE1T.PUR_QD_Q1_VMAX_REQ2SCADA.PI,,QD251MAXVOLTAGES,,,
PUR_QD251MAXVOLTAGE,XE1T.PUR_Q1_VOLTMAX_READ_S.PI,,QD251MAXVOLTAGE,,,
PUR_QD251MAXFREQUENCYS,XE1T.PUR_QD_Q1_FMAX_REQ2SCADA.PI,,QD251MAXFREQUENCYS,,,
PUR_QD251MAXFREQUENCY,XE1T.PUR_Q1_MAXFREQ_S.PI,,QD251MAXFREQUENCY,,,
PUR_QD251LOCAL,XE1T.PUR_Q1_LOCAL_REQ2SCADA.ST,,QD251LOCAL,,,
PUR_QD251FREQUENCYS,XE1T.PUR_QD_Q1_FRINT_REQ2SCADA.PI,,QD251FREQUENCYS,,,
PUR_QD251FREQUENCY,XE1T.PUR_Q1_FREQREAD_S.PI,Q-drive 1 power supply frequency,QD251FREQUENCY,Hz,,
PUR_QD251CURRENT,XE1T.PUR_Q1_CURRENTREAD_S.PI,Q-drive 1 power supply current,QD251CURRENT,A,,
PUR_QD251,XE1T.PUR_QD_QD251_G_REQ2SCADA.ST,,QD251,,,
PUR_PT206,XE1T.PUR_PT206__AI_.PI,Pressure at vacuum port,PT206,mbar,,
PUR_PT205_HHB,XE1T.PUR_AI_PT205_A_HH_REQ2SCADA.ST,,PT205_HHB,,,
PUR_PT205_HH,XE1T.PUR_AI_PT205_HH_REQ2SCADA.PI,,PT205_HH,,,
PUR_PT205_HB,XE1T.PUR_AI_PT205_A_H_REQ2SCADA.ST,,PT205_HB,,,
PUR_PT205_H,XE1T.PUR_AI_PT205_H_REQ2SCADA.PI,,PT205_H,,,
PUR_PT205,XE1T.PUR_PT205_AI_.PI,Pressure at outlet of system and outlet of HALO,PT205,bar,,
PUR_PT204_HHB,XE1T.PUR_AI_PT204_A_HH_REQ2SCADA.ST,,PT204_HHB,,,
PUR_PT204_HH,XE1T.PUR_AI_PT204_HH_REQ2SCADA.PI,,PT204_HH,,,
PUR_PT204_HB,XE1T.PUR_AI_PT204_A_H_REQ2SCADA.ST,,PT204_HB,,,
PUR_PT204_H,XE1T.PUR_AI_PT204_H_REQ2SCADA.PI,,PT204_H,,,
PUR_PT204,XE1T.PUR_PT204_AI_.PI,Pressure at outlet of both Q-drive loops and inlet of HALO,PT204,bar,,
PUR_PT203_HHB,XE1T.PUR_AI_PT203_A_HH_REQ2SCADA.ST,,PT203_HHB,,,
PUR_PT203_HH,XE1T.PUR_AI_PT203_HH_REQ2SCADA.PI,,PT203_HH,,,
PUR_PT203_HB,XE1T.PUR_AI_PT203_A_H_REQ2SCADA.ST,,PT203_HB,,,
PUR_PT203_H,XE1T.PUR_AI_PT203_H_REQ2SCADA.PI,,PT203_H,,,
PUR_PT203,XE1T.PUR_PT203_AI_.PI,Pressure at outlet of Q-drive 1,PT203,bar,,
PUR_PT202SET,XE1T.PUR_AI_PT202_OP_REQ2SCADA.PI,,PT202SET,,,
PUR_PT202MARGIN,XE1T.PUR_AI_PT202_M_REQ2SCADA.PI,,PT202MARGIN,,,
PUR_PT202_HHB,XE1T.PUR_AI_PT202_A_HH_REQ2SCADA.ST,,PT202_HHB,,,
PUR_PT202_HH,XE1T.PUR_AI_PT202_HH_REQ2SCADA.PI,,PT202_HH,,,
PUR_PT202_HB,XE1T.PUR_AI_PT202_A_H_REQ2SCADA.ST,,PT202_HB,,,
PUR_PT202_H,XE1T.PUR_AI_PT202_H_REQ2SCADA.PI,,PT202_H,,,
PUR_PT202,XE1T.PUR_PT202_AI_.PI,Pressure at outlet of Q-drive 2,PT202,bar,,
PUR_PT201_HHB,XE1T.PUR_AI_PT201_A_HH_REQ2SCADA.ST,,PT201_HHB,,,
PUR_PT201_HH,XE1T.PUR_AI_PT201_HH_REQ2SCADA.PI,,PT201_HH,,,
PUR_PT201_HB,XE1T.PUR_AI_PT201_A_H_REQ2SCADA.ST,,PT201_HB,,,
PUR_PT201_H,XE1T.PUR_AI_PT201_H_REQ2SCADA.PI,,PT201_H,,,
PUR_PT201,XE1T.PUR_PT201_AI_.PI,Pressure at inlet of system and inlet of Q-drive pumps,PT201,bar,,
PUR_HALO,XE1T.PUR_HALOH20VALUE_AI.PI,HALO measured water concentration,HALO,ppb,,
PUR_GV201V,,,GV201V,,,
PUR_FV234V,XE1T.PUR_GVLV_FV234_G_REQ2SCADA.ST,,FV234V,,,
PUR_FV233V,XE1T.PUR_GVLV_FV233_G_REQ2SCADA.ST,,FV233V,,,
PUR_FV232V,XE1T.PUR_GVLV_FV232_G_REQ2SCADA.ST,,FV232V,,,
PUR_FV231V,XE1T.PUR_GVLV_FV231_G_REQ2SCADA.ST,,FV231V,,,
PUR_FV230V,XE1T.PUR_GVLV_FV230_G_REQ2SCADA.ST,,FV230V,,,
PUR_FV229V,XE1T.PUR_GVLV_FV229_G_REQ2SCADA.ST,,FV229V,,,
PUR_FV227V,XE1T.PUR_GVLV_FV227_G_REQ2SCADA.ST,,FV227V,,,
PUR_FV226V,XE1T.PUR_GVLV_FV226_G_REQ2SCADA.ST,,FV226V,,,
PUR_FV225V,XE1T.PUR_GVLV_FV225_G_REQ2SCADA.ST,,FV225V,,,
PUR_FV224V,XE1T.PUR_GVLV_FV224_G_REQ2SCADA.ST,,FV224V,,,
PUR_FV223V,XE1T.PUR_GVLV_FV223_G_REQ2SCADA.ST,,FV223V,,,
PUR_FV222V,XE1T.PUR_GVLV_FV222_G_REQ2SCADA.ST,,FV222V,,,
PUR_FV221V,XE1T.PUR_GVLV_FV221_G_REQ2SCADA.ST,,FV221V,,,
PUR_FV219V,XE1T.PUR_GVLV_FV219_G_REQ2SCADA.ST,,FV219V,,,
PUR_FV218V,XE1T.PUR_GVLV_FV218_G_REQ2SCADA.ST,,FV218V,,,
PUR_FV217V,XE1T.PUR_GVLV_FV217_G_REQ2SCADA.ST,,FV217V,,,
PUR_FV216V,XE1T.PUR_GVLV_FV216_G_REQ2SCADA.ST,,FV216V,,,
PUR_FV215V,XE1T.PUR_GVLV_FV215_G_REQ2SCADA.ST,,FV215V,,,
PUR_FV214V,XE1T.PUR_GVLV_FV214_G_REQ2SCADA.ST,,FV214V,,,
PUR_FV213V,XE1T.PUR_GVLV_FV213_G_REQ2SCADA.ST,,FV213V,,,
PUR_FV212V,XE1T.PUR_GVLV_FV210_G_REQ2SCADA.ST,,FV212V,,,
PUR_FV211V,XE1T.PUR_GVLV_FV211_G_REQ2SCADA.ST,,FV211V,,,
PUR_FV210V,XE1T.PUR_GVLV_FV210_G_REQ2SCADA.ST,,FV210V,,,
PUR_FV209V,XE1T.PUR_GVLV_FV209_G_REQ2SCADA.ST,,FV209V,,,
PUR_FV208V,XE1T.PUR_GVLV_FV208_G_REQ2SCADA.ST,,FV208V,,,
PUR_FV207V,XE1T.PUR_GVLV_FV207_G_REQ2SCADA.ST,,FV207V,,,
PUR_FV206V,XE1T.PUR_GVLV_FV206_G_REQ2SCADA.ST,,FV206V,,,
PUR_FV205V,XE1T.PUR_GVLV_FV205_G_REQ2SCADA.ST,,FV205V,,,
PUR_FV204V,XE1T.PUR_GVLV_FV204_G_REQ2SCADA.ST,,FV204V,,,
PUR_FV203V,XE1T.PUR_GVLV_FV203_G_REQ2SCADA.ST,,FV203V,,,
PUR_FV202V,XE1T.PUR_GVLV_FV202_G_REQ2SCADA.ST,,FV202V,,,
PUR_FV201V,XE1T.PUR_GVLV_FV201_G_REQ2SCADA.ST,,FV201V,,,
PUR_FC203S,XE1T.PUR_FC203_SET_REQ2SCADA.PI,,FC203S,,,
PUR_FC203,XE1T.PUR_FC203_FMON.PI,HALO Loop Flow Controller Measured Flow,FC203,slpm,,
PUR_FC202S,XE1T.PUR_FC202_SET_REQ2SCADA.PI,,FC202S,,,
PUR_FC202IM,,,FC202IM,,,
PUR_FC202,XE1T.PUR_FC202_FMON.PI,Q-drive 2 Loop Measured Flow,FC202,slpm,,
PUR_FC201S,XE1T.PUR_FC201_SET_REQ2SCADA.PI,,FC201S,,,
PUR_FC201IM,,,FC201IM,,,
PUR_FC201,XE1T.PUR_FC201_FMON.PI,Q-drive 1 Loop Measured Flow,FC201,slpm,,
PUR_CONTROL_PT202M,XE1T.PUR_AI_PT202_M_REQ2SCADA.PI,,CONTROL_PT202M,,,
PUR_CONTROL_PT202B,XE1T.PUR_AI_S_PT202_REQ2SCADA.ST,,CONTROL_PT202B,,,
PUR_CONTROL_PT202,XE1T.PUR_AI_PT202_OP_REQ2SCADA.PI,,CONTROL_PT202,,,
DST_TT_TTOPSET,XE1T.DST_TTOPSET_REQ2SCADA.PI,Setpoint temperature Top Condenser in top+temperature regulation mode,TT_TTOPSET,degC,,
DST_TT_PGAIN,XE1T.DST_TTOPKP_REQ2SCADA.PI,Setpoint P-Gain in top+temperature regulation mode,TT_PGAIN,x,,
DST_TT_IRESET,XE1T.DST_TTOPKI_REQ2SCADA.PI,Setpoint I-Reset in top+temperature regulation mode,TT_IRESET,repeats/minute,,
DST_TT_HCPS401,XE1T.DST_HCPS401R_REQ2SCADA.PI,Setpoint for manual heater output at Reboiler in top+temperature regulation mode,TT_HCPS401,W,,
DST_TT_DTIME,XE1T.DST_TTOPKD_REQ2SCADA.PI,Setpoint D-Time in top+temperature regulation mode,TT_DTIME,minutes,,
DST_TIC413,XE1T.DST_TEMPC_REBOILER_AI.PI,Temperature of Reboiler,TIC413,degC,,
DST_TIC412S,XE1T.DST_TTOPSET_REQ2SCADA.PI,,TIC412S,,,
DST_TIC412,XE1T.DST_TEMPA_TOP_AI.PI,Temperature of Top Condenser,TIC412,degC,,
DST_TIC411S,XE1T.DST_TBPRESET_REQ2SCADA.PI,Setpoint temperature of Input Condenser (Preseparator),TIC411S,degC,,
DST_TIC411,XE1T.DST_TEMPB_PRESEP_AI.PI,Temperature of Input Condenser (Preseparator),TIC411,degC,,
DST_TI432,XE1T.DST_AI_TI432.PI,Temperature of high PT1000 sensor for LN2 cooling off-gas bottle ,TI432,degC,,
DST_TI431,XE1T.DST_AI_TI431.PI,Temperature of low PT1000 sensor for LN2 cooling off-gas bottle,TI431,degC,,
DST_TI430,XE1T.DST_AI_TI430.PI,Temperature of package tube 7,TI430,degC,,
DST_TI429,XE1T.DST_AI_TI429.PI,Temperature of package tube 6,TI429,degC,,
DST_TI428,XE1T.DST_AI_TI428_AI_.PI,Temperature of package tube 5,TI428,degC,,
DST_TI426,XE1T.DST_AI_TI426.PI,Temperature Reboiler liquid level 4 (top),TI426,degC,,
DST_TI425,XE1T.DST_AI_TI425.PI,Temperature Reboiler liquid level 3,TI425,degC,,
DST_TI424,XE1T.DST_AI_TI424.PI,Temperature Reboiler liquid level 2,TI424,degC,,
DST_TI423,XE1T.DST_AI_TI423.PI,Temperature Reboiler liquid level 1 (bottom),TI423,degC,,
DST_TI422,XE1T.DST_AI_TI422.PI,Temperature Input Condenser liquid level 1 (bottom),TI422,degC,,
DST_TI421,XE1T.DST_AI_TI421.PI,Temperature Input Condenser liquid level 2,TI421,degC,,
DST_TI420,XE1T.DST_AI_TI420.PI,Temperature Input Condenser liquid level 3 (top),TI420,degC,,
DST_TI419,XE1T.DST_AI_TI419.PI,Temperature of package tube 4,TI419,degC,,
DST_TI418,XE1T.DST_AI_TI418_AI_.PI,Temperature of package tube 3,TI418,degC,,
DST_TI417,XE1T.DST_AI_TI417.PI,Temperature of package tube 2,TI417,degC,,
DST_TI416,XE1T.DST_AI_TI416.PI,Temperature of package tube 1,TI416,degC,,
DST_TEMP_TOPB,XE1T.DST_TTOPREG_REQ2SCADA.ST,Activate top+temperature regulation mode,TEMP_TOPB,x,,
DST_TEMP_BOTTOMB,XE1T.DST_TBOTREQ_REQ2SCADA.ST,Activate bottom+temperature regulation mode,TEMP_BOTTOMB,x,,
DST_TB_TTOPSET,XE1T.DST_TTOPSET_REQ2SCADA.PI,Setpoint temperature Top Condenser in bottom+temperature regulation mode,TB_TTOPSET,degC,,
DST_TB_PGAIN,XE1T.DST_TBOTKP_REQ2SCADA.PI,Setpoint P-Gain in bottom+temperature regulation mode,TB_PGAIN,x,,
DST_TB_IRESET,XE1T.DST_TBOTKI_REQ2SCADA.PI,Setpoint I-Reset in bottom+temperature regulation mode,TB_IRESET,repeats/minute,,
DST_TB_HCPS402,XE1T.DST_HCPS402R_REQ2SCADA.PI,Setpoint for manual heater output at Top Condenser in bottom+temperature regulation mode,TB_HCPS402,W,,
DST_TB_DTIME,XE1T.DST_TBOTKD_REQ2SCADA.PI,Setpoint D-Time in bottom+temperature regulation mode,TB_DTIME,minutes,,
DST_PT_TTOPSET,XE1T.DST_PI424SET_REQ2SCADA.PI,Setpoint pressure (absolute) column in top+pressure regulation mode,PT_TTOPSET,bar,,
DST_PT_PGAIN,XE1T.DST_PTOPKP_REQ2SCADA.PI,Setpoint P-Gain in top+pressure regulation mode,PT_PGAIN,x,,
DST_PT_IRESET,XE1T.DST_PTOPKI_REQ2SCADA.PI,Setpoint I-Reset in top+pressure regulation mode,PT_IRESET,repeats/minute,,
DST_PT_HCPS401,XE1T.DST_HCPS401R_REQ2SCADA.PI,Setpoint for manual heater output at Reboiler in top+pressure regulation mode,PT_HCPS401,W,,
DST_PT_DTIME,XE1T.DST_PTOPKD_REQ2SCADA.PI,Setpoint D-Time in top+pressure regulation mode,PT_DTIME,minutes,,
DST_PRESSURE_TOPB,XE1T.DST_PTOPREG_REQ2SCADA.ST,Activate top+pressure regulation mode,PRESSURE_TOPB,x,,
DST_PRESSURE_BOTTOMB,XE1T.DST_PBOTREQ_REQ2SCADA.ST,Activate bottom+pressure regulation mode,PRESSURE_BOTTOMB,x,,
DST_PI425,XE1T.DST_AI_PI425_AI_.PI,Pressure (absolute) of insulation vacuum,PI425,mbar,,
DST_PI424,XE1T.DST_AI_PI424_AI_.PI,Pressure (absolute) of column (KEY Pressure),PI424,bar,,
DST_PI423,XE1T.DST_AI_PI423_AI_.PI,Pressure (absolute) above off-gas bottle,PI423,bar,,
DST_PI422,XE1T.DST_AI_PI422_AI_.PI,Pressure (absolute) of purified output line,PI422,bar,,
DST_PI421,XE1T.DST_AI_PI421_AI_.PI,Pressure (absolute) above Input Condenser,PI421,bar,,
DST_PB_TTOPSET,XE1T.DST_PI424SET_REQ2SCADA.PI,Setpoint of pressure (absolute) column in bottom+pressure regulation mode,PB_TTOPSET,bar,,
DST_PB_PGAIN,XE1T.DST_PBOTKP_REQ2SCADA.PI,Setpoint P-Gain in bottom+pressure regulation mode,PB_PGAIN,x,,
DST_PB_IRESET,XE1T.DST_PBOTKI_REQ2SCADA.PI,Setpoint I-Reset in bottom+pressure regulation mode,PB_IRESET,repeats/minute,,
DST_PB_HCPS402,XE1T.DST_HCPS402R_REQ2SCADA.PI,Setpoint for manual heater output at Top Condenser in bottom+pressure regulation mode,PB_HCPS402,W,,
DST_PB_DTIME,XE1T.DST_PBOTKD_REQ2SCADA.PI,Setpoint D-Time in bottom+pressure regulation mode,PB_DTIME,minutes,,
DST_LF406,XE1T.DST_LF6POTI.PI,Position of liquid feed valve 6,LF406,%,,
DST_LF405,XE1T.DST_LF5POTI.PI,Position of liquid feed valve 5,LF405,%,,
DST_LF404,XE1T.DST_LF4POTI.PI,Position of liquid feed valve 4,LF404,%,,
DST_HCPS403,XE1T.DST_HEATER1_LAKE_AI.PI,Heater output Input Condenser,HCPS403,W,,
DST_HCPS402,XE1T.DST_HCPS402R_REQ2SCADA.PI,Setpoint for manual control of heater output at Top Condenser,HCPS402,W,,
DST_HCPS401,XE1T.DST_HCPS401R_REQ2SCADA.PI,Setpoint for manual control of heater output at Reboiler,HCPS401,W,,
DST_GF401,XE1T.DST_GF1POTI.PI,Position of gas feed valve 1,GF401,%,,
DST_FILLING_STATUS,XE1T.DST_DO_LN2.S0,Filling status of LN2 cooling (active/not active),FILLING_STATUS,x,,
DST_FIC404S,XE1T.DST_FIC404R_REQ2SCADA.PI,Setpoint for flow controller in off-gas line (10slpm),FIC404S,slpm,,
DST_FIC404,XE1T.DST_AI_FIC404.PI,Flow of flow controller in off-gas line (10slpm),FIC404,slpm,,
DST_FIC403S,XE1T.DST_FIC403R_REQ2SCADA.PI,Setpoint for flow controller in off-gas line (0.1slpm),FIC403S,slpm,,
DST_FIC403,XE1T.DST_AI_FIC403.PI,Flow of flow controller in off-gas line (0.1slpm),FIC403,slpm,,
DST_FIC402S,XE1T.DST_FIC402R_REQ2SCADA.PI,Setpoint for flow controller in purified output line (20slpm),FIC402S,slpm,,
DST_FIC402,XE1T.DST_AI_FIC402_AI_.PI,Flow of flow controller in purified output line (20slpm),FIC402,slpm,,
DST_FIC401S,XE1T.DST_FIC401R_REQ2SCADA.PI,Setpoint for flow controller in inlet line (20slpm),FIC401S,slpm,,
DST_FIC401,XE1T.DST_AI_FIC401_AI_.PI,Flow of flow controller in inlet line (20slpm),FIC401,slpm,,
DST_DP428,XE1T.DST_AI_DP428.PI,Differential pressure for liquid level in Input Condenser,DP428,mbar,,
DST_DP427,XE1T.DST_AI_DP427_AI_.PI,Differential pressure for liquid level in Reboiler,DP427,mbar,,
DST_DP426,XE1T.DST_AI_DP426.PI,Differential pressure along the package tube,DP426,mbar,,
DST_AUTOMATIC_LN_CONTROLB,XE1T.DST_AUTOCONTROL_REQ2SCADA.ST,Activate LN2 filling for off-gas bottle,AUTOMATIC_LN_CONTROLB,x,,
DST_AI_FIC404_AI_.PI,XE1T.DST_AI_FIC404_AI_.PI,,AI_FIC404_AI_.PI,,,
DST_AI_FIC402_AI_.PI,XE1T.DST_AI_FIC402_AI_.PI,,AI_FIC402_AI_.PI,,,
DST_AI_FIC401_AI_.PI,XE1T.DST_AI_FIC401_AI_.PI,,AI_FIC401_AI_.PI,,,
CRY_V110V,XE1T.CRY_V110_G_REQ2SCADA.ST,,V110V,,,
CRY_V109V,XE1T.CRY_V109_G_REQ2SCADA.ST,,V109V,,,
CRY_V108V,XE1T.CRY_V108_G_REQ2SCADA.ST,,V108V,,,
CRY_V107V,XE1T.CRY_V107_G_REQ2SCADA.ST,,V107V,,,
CRY_V105V,XE1T.CRY_V105_B_DOUT_.ST,,V105V,,,
CRY_V104V,XE1T.CRY_V104_R_REQ2SCADA.ST,,V104V,,,
CRY_V103V,XE1T.CRY_V103_R_REQ2SCADA.ST,,V103V,,,
CRY_TT166,XE1T.CRY_HC102TWOUTAI.PI,,TT166,,,
CRY_TT165,XE1T.CRY_HC102TWINAI.PI,,TT165,,,
CRY_TT164,XE1T.CRY_HC101TWINAI.PI,,TT164,,,
CRY_TT163,XE1T.CRY_HC101TWOUTAI.PI,,TT163,,,
CRY_TT162,XE1T.CRY_CHILL102_TT162_TMON_AI.PI,Actual water temperature of chiller 102,TT162,degC,,
CRY_TT161S,XE1T.CRY_CH101TSPT_RAO_REQ2SCADA.PI,,TT161S,,,
CRY_TT161,XE1T.CRY_CHILL101_TT161_TMON_AI.PI,,TT161,,,
CRY_TT154,XE1T.CRY_HC102TOILAI.PI,,TT154,,,
CRY_TT153,XE1T.CRY_HC102THELIUMAI.PI,,TT153,,,
CRY_TT152,XE1T.CRY_HC101TOILAI.PI,,TT152,,,
CRY_TT151,XE1T.CRY_HC101THELIUMAI.PI,,TT151,,,
CRY_TMP105R,XE1T.CRY_TMP105_TEMPROTOR_AI.PI,,TMP105R,,,
CRY_TMP105M,XE1T.CRY_TMP105_TEMPMOTOR_AI.PI,,TMP105M,,,
CRY_TMP105I,XE1T.CRY_TMP105_G_REQ2SCADA.ST,,TMP105I,,,
CRY_TMP105_TEMPB,XE1T.CRY_TMP105_TAI_REQ2SCADA.ST,,TMP105_TEMPB,,,
CRY_TMP105_FAULTB,XE1T.CRY_TMP105_FAI_REQ2SCADA.ST,,TMP105_FAULTB,,,
CRY_TMP105_ERRORB,XE1T.CRY_TMP105_EAI_REQ2SCADA.ST,,TMP105_ERRORB,,,
CRY_TMP105,XE1T.CRY_TMP105_ACTSPEED_AI.PI,,TMP105,,,
CRY_TMP104R,XE1T.CRY_TMP104_STTEMPROTOR.PI,,TMP104R,,,
CRY_TMP104M,XE1T.CRY_TMP104_STTMOTOR.PI,,TMP104M,,,
CRY_TMP104_TEMPB,XE1T.CRY_TMP104_TAI_REQ2SCADA.ST,,TMP104_TEMPB,,,
CRY_TMP104_FAULTB,XE1T.CRY_TMP104_FAI_REQ2SCADA.ST,,TMP104_FAULTB,,,
CRY_TMP104_ERRORB,XE1T.CRY_TMP104_EAI_ALLOWCHANGE.ST,,TMP104_ERRORB,,,
CRY_TMP104,XE1T.CRY_TMP104_ACTSPEED_AI.PI,,TMP104,,,
CRY_TMP103_FAULTB,,,TMP103_FAULTB,,,
CRY_TMP103_ERRORB,,,TMP103_ERRORB,,,
CRY_TMP103,,,TMP103,,,
CRY_TMP102R,XE1T.CRY_TMP102_TEMPROTOR_AI.PI,,TMP102R,,,
CRY_TMP102M,XE1T.CRY_TMP102_TEMPMOTOR_AI.PI,,TMP102M,,,
CRY_TMP102I,XE1T.CRY_TMP102_G_REQ2SCADA.ST,,TMP102I,,,
CRY_TMP102_TEMPB,XE1T.CRY_TMP102_TAI_REQ2SCADA.ST,,TMP102_TEMPB,,,
CRY_TMP102_FAULTB,XE1T.CRY_TMP102_FAI_REQ2SCADA.ST,,TMP102_FAULTB,,,
CRY_TMP102_ERRORB,XE1T.CRY_TMP102_EAI_REQ2SCADA.ST,,TMP102_ERRORB,,,
CRY_TMP102,XE1T.CRY_TMP102_ACTSPEED_AI.PI,,TMP102,,,
CRY_TMP101R,XE1T.CRY_TMP101_STTMOTOR.PI,,TMP101R,,,
CRY_TMP101M,XE1T.CRY_TMP101_STTEMPROTOR.PI,,TMP101M,,,
CRY_TMP101_TEMPB,XE1T.CRY_TMP101_TAI_REQ2SCADA.ST,,TMP101_TEMPB,,,
CRY_TMP101_FAULTB,XE1T.CRY_TMP101_FAI_REQ2SCADA.ST,,TMP101_FAULTB,,,
CRY_TMP101_ERRORB,XE1T.CRY_TMP101_EAI_ALLOWCHANGE.ST,,TMP101_ERRORB,,,
CRY_TMP101,,,TMP101,,,
CRY_TIC131_TCOLDFINGER_LOWB,XE1T.CRY_TIC131_TCL_REQ2SCADA.ST,,TIC131_TCOLDFINGER_LOWB,,,
CRY_TIC131_TCOLDFINGER_LOW,XE1T.CRY_TIC131_TCLR_REQ2SCADA.PI,,TIC131_TCOLDFINGER_LOW,,,
CRY_TIC131_TCOLDFINGER_HIGHB,XE1T.CRY_TIC131_TCH_REQ2SCADA.ST,,TIC131_TCOLDFINGER_HIGHB,,,
CRY_TIC131_TCOLDFINGER_HIGH,XE1T.CRY_TIC131_TCHR_REQ2SCADA.PI,,TIC131_TCOLDFINGER_HIGH,,,
CRY_TIC121HTR,XE1T.CRY_TIC121_HEATER_AI.PI,PTR-102 tower heater percentage,TIC121HTR,%,,
CRY_TIC121_TCOLDFINGER_LOWB,XE1T.CRY_TIC121C_LAI_REQ2SCADA.ST,,TIC121_TCOLDFINGER_LOWB,,,
CRY_TIC121_TCOLDFINGER_LOW,XE1T.CRY_TIC121C_LRAO_REQ2SCADA.PI,,TIC121_TCOLDFINGER_LOW,,,
CRY_TIC121_TCOLDFINGER_HIGHB,XE1T.CRY_TIC121C_HAI_REQ2SCADA.ST,,TIC121_TCOLDFINGER_HIGHB,,,
CRY_TIC121_TCOLDFINGER_HIGH,XE1T.CRY_TIC121C_HRAO_REQ2SCADA.PI,,TIC121_TCOLDFINGER_HIGH,,,
CRY_TIC121_HEATER_LOWB,XE1T.CRY_TIC121H_LAI_REQ2SCADA.ST,,TIC121_HEATER_LOWB,,,
CRY_TIC121_HEATER_LOW,XE1T.CRY_TIC121H_LRAO_REQ2SCADA.PI,,TIC121_HEATER_LOW,,,
CRY_TIC121_HEATER_HIGHB,XE1T.CRY_TIC121H_HAI_REQ2SCADA.ST,,TIC121_HEATER_HIGHB,,,
CRY_TIC121_HEATER_HIGH,XE1T.CRY_TIC121H_HRAO_REQ2SCADA.PI,,TIC121_HEATER_HIGH,,,
CRY_TIC111HTR,XE1T.CRY_TIC111_HEATER_AI.PI,PTR-101 tower heater percentage,TIC111HTR,%,,
CRY_TIC111_TCOLDFINGER_LOWB,XE1T.CRY_TIC111C_LAI_REQ2SCADA.ST,,TIC111_TCOLDFINGER_LOWB,,,
CRY_TIC111_TCOLDFINGER_LOW,XE1T.CRY_TIC111C_LRAO_REQ2SCADA.PI,,TIC111_TCOLDFINGER_LOW,,,
CRY_TIC111_TCOLDFINGER_HIGHB,XE1T.CRY_TIC111C_HAI_REQ2SCADA.ST,,TIC111_TCOLDFINGER_HIGHB,,,
CRY_TIC111_TCOLDFINGER_HIGH,XE1T.CRY_TIC111C_HRAO_REQ2SCADA.PI,,TIC111_TCOLDFINGER_HIGH,,,
CRY_TIC111_HEATER_LOWB,XE1T.CRY_TIC111H_LAI_REQ2SCADA.ST,,TIC111_HEATER_LOWB,,,
CRY_TIC111_HEATER_LOW,XE1T.CRY_TIC111H_LRAO_REQ2SCADA.PI,,TIC111_HEATER_LOW,,,
CRY_TIC111_HEATER_HIGHB,XE1T.CRY_TIC111H_HAI_REQ2SCADA.ST,,TIC111_HEATER_HIGHB,,,
CRY_TIC111_HEATER_HIGH,XE1T.CRY_TIC111H_HRAO_REQ2SCADA.PI,,TIC111_HEATER_HIGH,,,
CRY_TE146,XE1T.CRY_TE146_TFILLTUBE_AI.PI,LXe fill tube temperature,TE146,degC,,
CRY_TE145,XE1T.CRY_TE145_TRECTUBE_AI.PI,LXe recovery tube temperature,TE145,degC,,
CRY_TE144,XE1T.CRY_TE144_TGXEINLET_AI.PI,Heat exchanger GXe inlet temperature,TE144,degC,,
CRY_TE143,XE1T.CRY_TE143_TGXEOUTLET_AI.PI,Heat exchanger GXe outlet temperature,TE143,degC,,
CRY_TE142,XE1T.CRY_TE142_TLXEOUTLET_AI.PI,Heat exchanger LXe outlet temperature,TE142,degC,,
CRY_TE141,XE1T.CRY_TE141_TLXEINLET_AI.PI,Heat exchanger LXe inlet temperature,TE141,degC,,
CRY_TE134,XE1T.CRY_TE134_TSPTUBELN2_AI.PI,LN2 tower spill tube temperature,TE134,degC,,
CRY_TE131b,XE1T.CRY_TIC131_TE131B_TCLDFNGB_AI.PI,Cold finger temperature B,TE131b,degC,,
CRY_TE131a,XE1T.CRY_TIC131_TE131A_TCLDFNGA_AI.PI,Cold finger temperature A,TE131a,degC,,
CRY_TE124,XE1T.CRY_TE124_TSPTUBEPTR102_AI.PI,PTR-102 tower spill tube Temperature,TE124,degC,,
CRY_TE123,XE1T.CRY_TIC121_TE123_TVESSEL_AI.PI,PTR-102 tower inner vessel temperature,TE123,degC,,
CRY_TE122,XE1T.CRY_TIC121_TE122_TCOLDHEAD_AI.PI,PTR-102 tower cold head temperature,TE122,degC,,
CRY_TE121bSET,XE1T.CRY_TIC121_TSPTSETAI.PI,,TE121bSET,,,
CRY_TE121bs,,,TE121bs,,,
CRY_TE121b,XE1T.CRY_TIC121_TE121B_TCLDFNGB_AI.PI,PTR-102 tower cold finger temperature B,TE121b,degC,,
CRY_TE121aSET,XE1T.CRY_TIC121_TSPTSETAI.PI,,TE121aSET,,,
CRY_TE121as,,,TE121as,,,
CRY_TE121a,XE1T.CRY_TIC121_TE121A_TCLDFNGA_AI.PI,PTR-102 tower cold finger temperature A,TE121a,degC,,
CRY_TE114,XE1T.CRY_TE114_TSPTUBEPTR101_AI.PI,PTR-101 tower spill tube temperature,TE114,degC,,
CRY_TE113,XE1T.CRY_TIC111_TE113_TVESSEL_AI.PI,PTR-101 tower inner vessel temperature,TE113,degC,,
CRY_TE112,XE1T.CRY_TIC111_TE112_TCOLDHEAD_AI.PI,PTR-101 tower cold head temperature,TE112,degC,,
CRY_TE111bSET,XE1T.CRY_TIC111_TSPTGET_AI.PI,,TE111bSET,,,
CRY_TE111bs,,,TE111bs,,,
CRY_TE111b,XE1T.CRY_TIC111_TE111B_TCLDFNGB_AI.PI,PTR-101 tower cold finger temperature B,TE111b,degC,,
CRY_TE111aSET,XE1T.CRY_TIC111_TSPTGET_AI.PI,,TE111aSET,,,
CRY_TE111as,,,TE111as,,,
CRY_TE111a,XE1T.CRY_TIC111_TE111A_TCLDFNGA_AI.PI,PTR-101 tower cold finger temperature A,TE111a,degC,,
CRY_TE107,XE1T.CRY_TE107_TCRYOTOP_AI.PI,Cryostat top temperature (GXe),TE107,degC,,
CRY_TE106,XE1T.CRY_TE106_TINSBELL_AI.PI,Inside bell temperature (GXe),TE106,degC,,
CRY_TE105,XE1T.CRY_TE105_TRESERVOIR_AI.PI,Reservoir temperature (LXe),TE105,degC,,
CRY_TE104,XE1T.CRY_TE104_TCRYOBELL_AI.PI,Cryostat below bell temperature (LXe),TE104,degC,,
CRY_TE103,XE1T.CRY_TE103_TCRYOMIDDLE_AI.PI,Cryostat middle temperature (LXe),TE103,degC,,
CRY_TE102,XE1T.CRY_TE102_TCRYOBOTPMT_AI.PI,Cryostat bottom PMT array temperature (LXe),TE102,degC,,
CRY_TE101,XE1T.CRY_TE101_TCRYOBOTT_AI.PI,Cryostat bottom temperature (LXe),TE101,degC,,
CRY_RP105I,XE1T.CRY_RP105_G_REQ2SCADA.ST,,RP105I,,,
CRY_RP105_FAULTB,XE1T.CRY_RP105_FAI_REQ2SCADA.ST,,RP105_FAULTB,,,
CRY_RP105,XE1T.CRY_RP105_RMON_AI.PI,,RP105,,,
CRY_RP104I,XE1T.CRY_RP104_G_REQ2SCADA.ST,,RP104I,,,
CRY_RP104_FAULTB,XE1T.CRY_RP104_FAI_REQ2SCADA.ST,,RP104_FAULTB,,,
CRY_RP104,XE1T.CRY_RP104_RMON_AI.PI,,RP104,,,
CRY_RP103_FAULTB,,,RP103_FAULTB,,,
CRY_RP103,,,RP103,,,
CRY_RP102I,XE1T.CRY_RP102_G_REQ2SCADA.ST,,RP102I,,,
CRY_RP102_FAULTB,XE1T.CRY_RP102_FAI_REQ2SCADA.ST,,RP102_FAULTB,,,
CRY_RP102,XE1T.CRY_RP102_RMON_AI.PI,,RP102,,,
CRY_RP101I,XE1T.CRY_RP101_G_REQ2SCADA.ST,,RP101I,,,
CRY_RP101_FAULTB,XE1T.CRY_RP101_FAI_REQ2SCADA.ST,,RP101_FAULTB,,,
CRY_RP101,XE1T.CRY_RP101_RMON_AI.PI,Pump RP101 Rotation speed,RP101,rpm,,
CRY_RGA101X,XE1T.CRY_RGA101PXE_AI.PI,,RGA101X,mbar,,
CRY_RGA101W,XE1T.CRY_RGA101PWATER_AI.PI,,RGA101W,mbar,,
CRY_R121V,XE1T.CRY_R121_VMON_AI.PI,PTR-102 tower heater power supply voltage,R121V,V,,
CRY_R121P,XE1T.CRY_R121_PMON_AI_IND_A_.PI,PTR-102 tower heater power,R121P,W,,
CRY_R121I,XE1T.CRY_R121_IMON_AI.PI,PTR-101 tower heater power supply current,R121I,A,,
CRY_R111V,XE1T.CRY_R111_VMON_AI.PI,PTR-101 tower heater power supply voltage,R111V,V,,
CRY_R111P,XE1T.CRY_R111_PMON_AI_IND_A_.PI,PTR-101 tower heater power,R111P,W,,
CRY_R111I,XE1T.CRY_R111_IMON_AI.PI,PTR-101 tower heater power supply current,R111I,A,,
CRY_PT162,XE1T.CRY_CHILL102_PT162_PMON_AI.PI,,PT162,,,
CRY_PT161,XE1T.CRY_CHILL101_PT161_PMON_AI.PI,,PT161,,,
CRY_PT154,XE1T.CRY_HC102PT154PMONAI_IND_A_.PI,High side helium pressure of helium compressor HC-102,PT154,psi,,
CRY_PT153,XE1T.CRY_HC102PT153PMONAI.PI,Low side helium pressure of helium compressor HC-102,PT153,psi,,
CRY_PT152,XE1T.CRY_HC101PT152PMONAI_IND_A_.PI,High side helium pressure of helium compressor HC-101,PT152,psi,,
CRY_PT151,XE1T.CRY_HC101PT151PMONAI.PI,Low side helium pressure of helium compressor HC-101,PT151,psi,,
CRY_PT113,XE1T.CRY_PI110_PT113_PINS_AI.PI,Insulation vacuum (cryogenics),PT113,mbar,,
CRY_PT112,XE1T.CRY_PI110_PT112_PINS_AI.PI,Insulation vacuum (cryostat) or Detector vacuum,PT112,mbar,,
CRY_PT111,XE1T.CRY_PI110_PT111_PINS_AI.PI,Insulation vacuum (cryostat),PT111,mbar,,
CRY_PT103,XE1T.CRY_PT103_PCHAMBER_AI.PI,Detector pressure (cryogenics),PT103,bara,,
CRY_PT102,XE1T.CRY_PT102_PCHAMBER_AI.PI,Detector pressure (porcupine),PT102,bara,,
CRY_PT101,XE1T.CRY_PT101_PCHAMBER_AI.PI,Detector pressure (cryostat),PT101,bara,,
CRY_POWERTE121,XE1T.CRY_R121_PMON_AI_IND_A_.PI,PTR-102 tower heater power,POWERTE121,W,,
CRY_POWERTE111,XE1T.CRY_R111_PMON_AI_IND_A_.PI,PTR-101 tower heater power,POWERTE111,W,,
CRY_PINSULATION_HIGHB,XE1T.CRY_PI110P_HAI_REQ2SCADA.ST,,PINSULATION_HIGHB,,,
CRY_PINSULATION_HIGH,XE1T.CRY_PI110P_HRAO_REQ2SCADA.PI,,PINSULATION_HIGH,,,
CRY_PCHAMBERHIGHB,XE1T.CRY_PCHMAX_HAI_REQ2SCADA.ST,,PCHAMBERHIGHB,,,
CRY_PCHAMBERHIGH,XE1T.CRY_PCHMAX_HRAO_REQ2SCADA.PI,,PCHAMBERHIGH,,,
CRY_PCHAMBER_LOWB,XE1T.CRY_PCHMAX_LAI_REQ2SCADA.ST,,PCHAMBER_LOWB,,,
CRY_PCHAMBER_LOW,XE1T.CRY_PCHMAX_LRAO_REQ2SCADA.PI,,PCHAMBER_LOW,,,
CRY_OVERPRESSURE_RELIEF_TO_RESTOX,XE1T.CRY_GXERTORSX_RB_REQ2SCADA.ST,,OVERPRESSURE_RELIEF_TO_RESTOX,,,
CRY_NV152V,,,NV152V,,,
CRY_NV151V,,,NV151V,,,
CRY_MV102V,XE1T.CRY_MV102_G_REQ2SCADA.ST,,MV102V,,,
CRY_MV101V,XE1T.CRY_MV101_G_REQ2SCADA.ST,,MV101V,,,
CRY_MARGIN,XE1T.CRY_GXERSX_MRAO_REQ2SCADA.PI,,MARGIN,,,
CRY_L_THRESHOLD,XE1T.CRY_GXERSX_LRAO_REQ2SCADA.PI,,L_THRESHOLD,,,
CRY_HC102MINUTES,XE1T.CRY_HC102MINSAI.PI,,HC102MINUTES,,,
CRY_HC102ERROR,XE1T.CRY_HC102_ERRALM_IND_A_.PI,,HC102ERROR,,,
CRY_HC102_PRESSUREB,XE1T.CRY_HC102_PAI_REQ2SCADA.ST,,HC102_PRESSUREB,,,
CRY_HC102_FLOWB,XE1T.CRY_HC102_FAI_REQ2SCADA.ST,,HC102_FLOWB,,,
CRY_HC102_ERRORB,XE1T.CRY_HC102_PAI_REQ2SCADA.ST,,HC102_ERRORB,,,
CRY_HC102,XE1T.CRY_HC102_G_REQ2SCADA.ST,,HC102,,,
CRY_HC101MINUTES,XE1T.CRY_HC101MINSAI.PI,,HC101MINUTES,,,
CRY_HC101ERROR,XE1T.CRY_HC101_ERRALM_IND_A_.PI,,HC101ERROR,,,
CRY_HC101_PRESSUREB,XE1T.CRY_HC101_PAI_REQ2SCADA.ST,,HC101_PRESSUREB,,,
CRY_HC101_FLOWB,XE1T.CRY_HC101_FAI_REQ2SCADA.ST,,HC101_FLOWB,,,
CRY_HC101_ERRORB,XE1T.CRY_HC101_PAI_REQ2SCADA.ST,,HC101_ERRORB,,,
CRY_HC101,XE1T.CRY_HC101_G_REQ2SCADA.ST,,HC101,,,
CRY_H_THRESHOLD,XE1T.CRY_GXERSX_HRAO_REQ2SCADA.PI,,H_THRESHOLD,,,
CRY_GV107V,XE1T.CRY_GV107_G_REQ2SCADA.ST,,GV107V,,,
CRY_GV106V,XE1T.CRY_GV106_G_REQ2SCADA.ST,,GV106V,,,
CRY_GV105V,XE1T.CRY_V105_R_REQ2SCADA.ST,,GV105V,,,
CRY_GV104V,XE1T.CRY_GV104_G_REQ2SCADA.ST,,GV104V,,,
CRY_GV102V,XE1T.CRY_GV102_G_REQ2SCADA.ST,,GV102V,,,
CRY_GV101V,XE1T.CRY_GV101_G_REQ2SCADA.ST,,GV101V,,,
CRY_FV109V,XE1T.CRY_FV109_G_REQ2SCADA.ST,,FV109V,,,
CRY_FV108V,XE1T.CRY_FV108_G_REQ2SCADA.ST,,FV108V,,,
CRY_FV105V,XE1T.CRY_FV105_G_REQ2SCADA.ST,,FV105V,,,
CRY_FV104V,XE1T.CRY_FV104_G_REQ2SCADA.ST,,FV104V,,,
CRY_FT164,XE1T.CRY_FT164FMON_ALMAI_AI_.PI,Water flow into helium compressor HC-102,FT164,slpm,,
CRY_FT163,XE1T.CRY_FT163FMON_ALMAI_AI_.PI,Water flow into helium compressor HC-101,FT163,slpm,,
CRY_FT162,XE1T.CRY_CH102FT162FMON_AI_IND_A_.PI,,FT162,,,
CRY_FT161,XE1T.CRY_CH1FT161FMON_AI_IND_A_.PI,,FT161,,,
CRY_FCV131,XE1T.CRY_FCV131FYMON_AI.PI,,FCV131,,,
CRY_FCV103,XE1T.CRY_FCV103FMON.PI,,FCV103,slpm,,
CRY_FCV102,XE1T.CRY_FCV102FMON.PI,,FCV102,slpm,,
CRY_FCV101,XE1T.CRY_FCV101FMON.PI,,FCV101,slpm,,
CRY_CHILL102_TEMPB,XE1T.CRY_CHILL102_TAI_REQ2SCADA.ST,,CHILL102_TEMPB,,,
CRY_CHILL102_FLOWB,XE1T.CRY_CHILL102_FAI_REQ2SCADA.ST,,CHILL102_FLOWB,,,
CRY_CHILL101_TEMPB,XE1T.CRY_CHILL101_TAI_REQ2SCADA.ST,,CHILL101_TEMPB,,,
CRY_CHILL101_FLOWB,XE1T.CRY_CHILL101_FAI_REQ2SCADA.ST,,CHILL101_FLOWB,,,
CRY_CHI102I,XE1T.CRY_CHILL102_G_REQ2SCADA.ST,,CHI102I,,,
CRY_CHI101I,XE1T.CRY_CHILL101_G_REQ2SCADA.ST,,CHI101I,,,
CRY_BV162V,XE1T.CRY_BV162_G_REQ2SCADA.ST,,BV162V,,,
CRY_BV161V,XE1T.CRY_BV161_G_REQ2SCADA.ST,,BV161V,,,
CRY_BV154V,XE1T.CRY_BV150_G_REQ2SCADA.ST,,BV154V,,,
CRY_BV153V,XE1T.CRY_BV150_G_REQ2SCADA.ST,,BV153V,,,
CRY_BV152V,XE1T.CRY_BV150_G_REQ2SCADA.ST,,BV152V,,,
CRY_BV151V,XE1T.CRY_BV150_G_REQ2SCADA.ST,,BV151V,,,
CRY_BACKUP_LN2_COOLING,XE1T.CRY_GXERTORSX_RB_REQ2SCADA.ST,,BACKUP_LN2_COOLING,,,
CRY_BACKUP_COMPRESSOR,,,BACKUP_COMPRESSOR,,,
CRY_BACKUP_CHILLER,XE1T.CRY_BCKCHILLON_REQ2SCADA.ST,,BACKUP_CHILLER,,,
CRY_AV103V,XE1T.CRY_AV103_G_REQ2SCADA.ST,,AV103V,,,
CRY_AV102V,XE1T.CRY_AV102_G_REQ2SCADA.ST,,AV102V,,,
CRY_AV101V,XE1T.CRY_AV101_G_REQ2SCADA.ST,,AV101V,,,
CRY_HC101_HEATB,XE1T.CRY_HC101HEATINRB_REQ2SCADA.ST,,HC101_HEATB,,,
CRY_HC102_HEATB,XE1T.CRY_HC102HEATINRB_REQ2SCADA.ST,,,,,
CRY_PCHAMBER_HIGH_HIGH,XE1T.CRY_PCHMAX_HHRAO_REQ2SCADA.PI,,,,,
CRY_PCHAMBER_HIGH_HIGHB,XE1T.CRY_PCHMAX_HHAI_REQ2SCADA.ST,,,,,
CRY_RD101_PRESSUREB,XE1T.CRY_PT121PMONINH_REQ2SCADA.ST,,,,,
CRY_RD102_PRESSUREB,XE1T.CRY_PT122PMONINH_REQ2SCADA.ST,,,,,
CRY_PT104,XE1T.CRY_PT104_PMON_AI.PI,,,barg,,
CRY_V101V,XE1T.CRY_V101_R_REQ2SCADA.ST,,,,,
CRY_V102V,XE1T.CRY_V102_R_REQ2SCADA.ST,,,,,
CRY_V112V,XE1T.CRY_V111_G_REQ2SCADA.ST,,,,,
CRY_V111V,XE1T.CRY_V111_G_REQ2SCADA.ST,,,,,
CRY_V106V,XE1T.CRY_V106_R_REQ2SCADA.ST,,,,,
CRY_TT162S,XE1T.CRY_CH102TSPT_RAO_REQ2SCADA.PI,,,,,
CRY_FAULT,XE1T.CRY_TIC131_FAULT_AI.PI,,,,,
CRY_CURRENT_TSPT,XE1T.CRY_TIC131_TSETPOINT_GET_AI.PI,,,,,
CRY_ACTIVE_TSPT,XE1T.CRY_TIC131ACTSPTR_REQ2SCADA.PI,,,,,
CRY_CONTROL,XE1T.CRY_TIC131_FCV131FYMON_AI.PI,,,,,
BCRY_READY_TSPT,XE1T.CRY_TIC131RSPTRAO_REQ2SCADA.PI,,,,,
CRY_FCV_131,XE1T.CRY_FCV131FYMON_AI.PI,,,,,
CRY_PT121_RD101,XE1T.CRY_PT121_PMON_AI_AI_.PI,,,,,
CRY_PT121_RD102,XE1T.CRY_PT122_PMON_AI_AI_.PI,,,,,
CRY_RUN_STANDBYB,XE1T.CRY_TIC131_STREQ_REQ2SCADA.ST,,,,,
CRY_REMOTE_LOCAL,XE1T.CRY_TIC131_REMREQ_REQ2SCADA.ST,,,,,
CRY_ACTIVE,XE1T.CRY_TIC131_ACTREQ_REQ2SCADA.ST,,,,,
CRY_PSHL191,,,,,,
CRY_PSHL192,,,,,,
CRY_LT101,XE1T.GEN_CE901B_LLM2_CMON.PI,,,pF?,,
PUR_FC201_FLOW_WARNING,XE1T.PUR_FLOW_MARGIN1_REQ2SCADA.PI,,,,,
PUR_FC202_FLOW_WARNING,XE1T.PUR_FLOW_MARGIN2_REQ2SCADA.PI,,,,,
PUR_FC203_FLOW_WARNING,XE1T.PUR_FLOW_MARGIN3_REQ2SCADA.PI,,,,,
PUR_FV228V,XE1T.PUR_GVLV_FV228_G_REQ2SCADA.ST,,,,,
PUR_GETTER201_ALARM_RELAY_ALARM,XE1T.PUR_GETTER_G201_A_REQ2SCADA.ST,,,,,
PUR_GETTER202_ALARM_RELAY_ALARM,XE1T.PUR_GETTER_G202_A_REQ2SCADA.ST,,,,,
PUR_FC201_FLOW_WARNINGB,XE1T.PUR_FC1_WAR_ARMED_REQ2SCADA.ST,,,,,
PUR_FC201_FLOW_ALARMB,XE1T.PUR_FC1_AL_ARMED_REQ2SCADA.ST,,,,,
PUR_FC202_FLOW_WARNINGB,XE1T.PUR_FC2_WAR_ARMED_REQ2SCADA.ST,,,,,
GEN_TILTMETERA,XE1T.GEN_TILTMETERA_AI.PI,TILTMETER A,,rad,,
GEN_TILTMETERB,XE1T.GEN_TILTMETERB_AI.PI,TILTMETER B,,rad,,
GEN_TILTMETERT,XE1T.GEN_TILTMETERT_AI.PI,TILTMETER T,,degC,,
CRY_LT102,XE1T.GEN_CE901B_LLM2_CMON.PI,,,,,
CRY_FCV104,XE1T.CRY_FCV104FMON.PI,,,slpm,,
CRY_FCV101SET,XE1T.CRY_FCV101SPT_REQ2SCADA.PI,,,,,
CRY_FCV102SET,XE1T.CRY_FCV102SPT_REQ2SCADA.PI,,,,,
CRY_FCV103SET,XE1T.CRY_FCV103SPT_REQ2SCADA.PI,,,,,
CRY_FCV104SET,XE1T.CRY_FCV104SPT_REQ2SCADA.PI,,,,,
PUR_DELTAP_PT203_208,XE1T.PUR_DP_QD251.PI,,,,,
PUR_DELTAP_PT202_207,XE1T.PUR_DP_QD252.PI,,,,,
TPC_SLM1,XE1T.GEN_CE911_SLM1_HMON.PI,Short Levelmeter 1,SLM01,mm,,
TPC_SLM2,XE1T.GEN_CE912_SLM2_HMON.PI,Short Levelmeter 2,SLM02,mm,,
TPC_SLM3,XE1T.GEN_CE913_SLM3_HMON.PI,Short Levelmeter 3,SLM03,mm,,
TPC_SLM4,XE1T.GEN_CE914_SLM4_HMON.PI,Short Levelmeter 4,SLM04,mm,,
TPC_LLM1,XE1T.GEN_CE901A_LLM1_HMON.PI,Long Levelmeter 1,LLM1,mm,,
TPC_LLM2,XE1T.GEN_CE901B_LLM2_HMON.PI,Long Levelmeter 2,LLM2,mm,,
WLP_FIT01,XE1T.WLP_IND_F_H2O.PI,Fluxmeter H2O,FIT01,m3/h,,
CAL_IB1_ActualPosition,XE1T.GEN_POS_IB1_VAL.PI,Current position of the center of the IB1 cart with respect to gate mesh. The system of reference is the same as the analysis,,mm,,
CAL_IB1_Speed,XE1T.GEN_V_IB1_VAL.PI,Current speed of the IB1 cart.,,mm/s,,
CAL_IB1_RPM,XE1T.GEN_RPM_IB1_VAL.PI,Current revolution per minute of the IB1 motor.,,rpm,,
CAL_IB1_Torque,XE1T.GEN_TOR_IB1_VAL.PI,Applied IB1 motor torque.,,Nm,,
CAL_IB1_Temp,XE1T.GEN_T_IB1_VAL.PI,Current temperature of the IB1 inverter.,,C,,
CAL_IB1_CSW,XE1T.GEN_CSW_IB1_VAL.PI,Control status word of IB1 inverter.,,,,
CAL_IB1_SETPosition,XE1T.GEN_IB1_SET_POSITION.OP.LEVEL,Set position for IB1 cart.,,mm,,
CAL_IB2_ActualPosition,XE1T.GEN_POS_IB2_VAL.PI,Current position of the center of the IB2 cart with respect to gate mesh. The system of reference is the same as the analysis,,mm,,
CAL_IB2_Speed,XE1T.GEN_V_IB2_VAL.PI,Current speed of the IB2 cart.,,mm/s,,
CAL_IB2_RPM,XE1T.GEN_RPM_IB2_VAL.PI,Current revolution per minute of the IB2 motor.,,rpm,,
CAL_IB2_Torque,XE1T.GEN_TOR_IB2_VAL.PI,Applied IB2 motor torque.,,Nm,,
CAL_IB2_Temp,XE1T.GEN_T_IB2_VAL.PI,Current temperature of the IB2 inverter.,,C,,
CAL_IB2_CSW,XE1T.GEN_CSW_IB2_VAL.PI,Control status word of IB2 inverter.,,,,
CAL_IB2_SETPosition,XE1T.GEN_IB1_SET_POSITION.OP.LEVEL,Set position for IB2 cart.,,mm,,
CAL_UB_ActualPosition,XE1T.GEN_POS_UB_VAL.PI,Current position of the center of the UB cart with respect to gate mesh. The system of reference is the same as the analysis,,mm,,
CAL_UB_Speed,XE1T.GEN_V_UB_VAL.PI,Current speed of the UB cart.,,mm/s,,
CAL_UB_RPM,XE1T.GEN_RPM_UB_VAL.PI,Current revolution per minute of the UB motor.,,rpm,,
CAL_UB_Torque,XE1T.GEN_TOR_UB_VAL.PI,Applied UB motor torque.,,Nm,,
CAL_UB_Temp,XE1T.GEN_T_UB_VAL.PI,Current temperature of the UB inverter.,,C,,
CAL_UB_CSW,XE1T.GEN_CSW_UB_VAL.PI,Control status word of UB inverter.,,,,
CAL_UB_SETPosition,XE1T.GEN_UB_SET_POSITION.OP.LEVEL,Set position for UB cart.,,mm,,
WLP_LIT02,XE1T.WLP_INDLEVL_H20_2.PI,Fine Levelmeter on top of WT,LIT02,mm,,radar level meter that can measure between 9.5m and 10.5m
WLP_RhoT01,XE1T.WLP_IND_C_H20_1.PI,Resistivity (IN Water),Rho01,MOhm,,
WLP_RhoT02,XE1T.WLP_IND_C_H20_2.PI,Resistivity (OUT Water),Rho02,MOhm,,
WLP_PIT08,XE1T.WLP_IND_P_N2.PI,Pressure Sensor for N2 top WT,PIT08,mbarg,,
TPC_Monitor_Voltage,XE1T.GEN_HEINZVMON.PI,Heinzinger Monitor Voltage (cathode),,kV,,
TPC_Monitor_Status,XE1T.GEN_HEINZSTATUS.PI,Heinzinger Monitor Status,,,,
TPC_Monitor_Current,XE1T.GEN_HEINZIMON.PI,Heinzinger Monitor Current,,uA,,
TPC_Controller_VSet,XE1T.GEN_HEINZVSET_req2scada.pi,Heinzinger Controller Set Voltage,,kV,,
TPC_Controller_RampUp,XE1T.GEN_HEINZUPSTEP_req2scada.pi,Heinzinger Controller Ramp Up speed,,V/s,,
TPC_Controller_RampDown,XE1T.GEN_HEINZDWSTEP_req2scada.pi,Heinzinger Controller Ramp Down speed,,V/s,,
TPC_Controller_Trip,XE1T.GEN_HEINZIOVTSET_req2scada.pi,Heinzinger Set Time Over Current Alarm,,s,,
TPC_Controller_MaxHV,XE1T.GEN_HEINZVSETM_req2scada.pi,Heinzinger Controller - Maximum Set Voltage,,kV,,
TPC_Controller_SoftCurrentLimit,XE1T.GEN_HEINZIOVSET_req2scada.pi,Heinzinger Controller - Software Current limit,,uA,,
TPC_Controller_DeviceCurrentLimit,XE1T.GEN_HEINZISET_req2scada.pi,Heinzinger Controller - Device Current Limit,,uA,,
TPC_Controller_SafeRampDown,XE1T.GEN_HEINZISETPC_req2scada.pi,Heinzinger Controller - Safe Ramp Down,,%,,
TPC_Controller_Power,XE1T.GEN_HEINZONOFF_req2scada.st,Heinzinger Controller ‰ÛÒ Switch Power On/Off,,,,
TPC_Safety_StopRampUp,XE1T.GEN_HEINZRUSTOP_req2scada.st,Heinzinger Controller ‰ÛÒ Stop Controller Ramp Up,,,,
TPC_Safety_StopRampDown,XE1T.GEN_HEINZRDSTOP_req2scada.st,Heinzinger Controller ‰ÛÒ Stop Controller Ramp Down,,,,
TPC_Safety_AlarmArmed,XE1T.GEN_HEINZALMINH_req2scada.st,Heinzinger Controller ‰ÛÒ Set Over Current Alarm On/Off,,,,
TPC_OverCurrentAlarm,XE1T.GEN_HEINZ_CURROVER_ALM.as,Heinzinger ‰ÛÒ Over Current Alarm,,,,
WLP_FIT03,XE1T.WLP_INDFN2.PIåÊ,N2 gas flux on top of Water tank,,m3/h,,
WLP_TT02,XE1T.WLP_IND_T_H20.PI,Temperature of Inlet of water,,degC,,
PUR_PT207,XE1T.PUR_PT207_AI_.PI,,,,,
PUR_PT208,XE1T.PUR_PT208_AI_.PI,,,,,
PUR_QD253,XE1T.PUR_QD_QD253_G_REQ2SCADA.ST,,,,,
PUR_FLOW_TOT,XE1T.PUR_FLOW_TOT.PI,,,,,
PUR_FV220V,XE1T.PUR_GVLV_FV220_G_REQ2SCADA.ST,,,,,
PUR_QD253FREQUENCY,XE1T.PUR_Q3_FREQREAD_S.PI,Q-drive 3 power supply frequency,,Hz,,
PUR_QD253FREQUENCYS,XE1T.PUR_QD_Q3_FRINT_REQ2SCADA.PI,,,,,
PUR_QD253VOLTAGE,XE1T.PUR_Q3_VOLTREAD_S.PI,Q-drive 3 power supply voltage,,V,,
PUR_QD253VOLTAGES,XE1T.PUR_QD_Q3_VSET_REQ2SCADA.PI,,,,,
PUR_QD253CURRENT,XE1T.PUR_Q3_CURRENTREAD_S.PI,Q-drive 3 power supply current,,,,
,,,,A,,
PUR_DELTAP_PT208_201,XE1T.PUR_DP_QD253.PI,,,,,
PUR_TE205,XE1T.PUR_TT205_TQDRIVE253_AI_.PI,Temperature at Q-drive 3 body,,degC,,
PUR_VT203,XE1T.PUR_VT253_QDRIVE253_AI_.PI,,,,,
PUR_QD253_DELTA_P,XE1T.PUR_QD253_SDP_REQ2SCADA.PI,,,,,
PUR_QD253_DELTA_PM,XE1T.PUR_QD3_DPMARG_REQ2SCADA.PI,,,,,
PUR_QD253_DELTA_PB,XE1T.PUR_QD253_DPS_REQ2SCADA.ST,,,,,
PUR_211_LB,XE1T.PUR_TT211_A_REQ2SCADA.ST,,,,,
PUR_211_L,XE1T.PUR_TT211_A_L_REQ2SCADA.PI,,,,,
PUR_211_HT,XE1T.PUR_TT211_A_H_REQ2SCADA.PI,,,,,
PUR_211_HMA,XE1T.PUR_R211_SETMIN_REQ2SCADA.PI,,,,,
PUR_211_HMI,XE1T.PUR_R211_SETMAX_REQ2SCADA.PI,,,,,
PUR_PT207_H,XE1T.PUR_PT207_H_REQ2SCADA.PI,,,,,
PUR_PT207_HB,XE1T.PUR_PT207_A_H_REQ2SCADA.ST,,,,,
PUR_PT207_HH,XE1T.PUR_PT207_HH_REQ2SCADA.PI,,,,,
PUR_PT207_HHB,XE1T.PUR_PT207_A_HH_REQ2SCADA.ST,,,,,
PUR_PT208_H,XE1T.PUR_PT208_H_REQ2SCADA.PI,,,,,
PUR_PT208_HB,XE1T.PUR_PT208_A_H_REQ2SCADA.ST,,,,,
PUR_PT208_HH,XE1T.PUR_PT208_HH_REQ2SCADA.PI,,,,,
PUR_PT208_HHB,XE1T.PUR_PT208_A_HH_REQ2SCADA.ST,,,,,
CRY_RGA101_PWATER_HIGH,XE1T.CRY_RGA101PWRAO_REQ2SCADA.PI,,,,,
CRY_RGA101_PXENON_HIGH,XE1T.CRY_RGA101PXERAO_REQ2SCADA.PI,,,,,
CRY_RGA101_PWATER_HIGHB,XE1T.CRY_RGA101PWAI_REQ2SCADA.ST,,,,,
CRY_RGA101_PXENON_HIGHB,XE1T.CRY_RGA101PXEI_REQ2SCADA.ST,,,,,
CRY_BACKUP_LN2_COOLINGA,XE1T.CRY_TIC131_STREQ_REQ2SCADA.ST,,,,,
PUR_QD253_FLOW_ALARM ,XE1T.PUR_CONDI_FC201__REQ2SCADA.PI,,,,,
PUR_QD253_FLOW_ALARMB,XE1T.PUR_CONDI_FC1_IN_REQ2SCADA.ST,,,,,
PUR_VT253_QDRIVE253_HH,XE1T.PUR_VT253_HH_REQ2SCADA.PI,,,,,
PUR_VT253_QDRIVE253_HHB,XE1T.PUR_VT253_A_HH_REQ2SCADA.ST,,,,,
PUR_TT203_QDRIVE253_HH,XE1T.PUR_TT203_HH_REQ2SCADA.PI,,,,,
PUR_TT203_QDRIVE253_HHB,XE1T.PUR_TT203_A_HH_REQ2SCADA.ST,,,,,
PUR_TT203_QDRIVE252_H,XE1T.PUR_TT203_H_REQ2SCADA.PI,,,,,
PUR_TT203_QDRIVE252_HB,XE1T.PUR_TT203_A_H_REQ2SCADA.ST,,,,,
PUR_TT203_QDRIVE252_HH,XE1T.PUR_TT203_HH_REQ2SCADA.PI,,,,,
PUR_TT203_QDRIVE252_HHB,XE1T.PUR_TT203_A_HH_REQ2SCADA.ST,,,,,
PUR_TT202_QDRIVE251_H,XE1T.PUR_AI_TT202_H_REQ2SCADA.PI,,,,,
PUR_TT202_QDRIVE251_HB,XE1T.PUR_AI_TT202_A_H_REQ2SCADA.ST,,,,,
PUR_TT202_QDRIVE251_HH,XE1T.PUR_AI_TT202_HH_REQ2SCADA.PI,,,,,
PUR_TT202_QDRIVE251_HHB,XE1T.PUR_AI_TT202_A_HH_REQ2SCADA.ST,,,,,
PUR_TT205_QDRIVE253_H,XE1T.PUR_TT205_H_REQ2SCADA.PI,,,,,
PUR_TT205_QDRIVE253_HB,XE1T.PUR_TT205_A_H_REQ2SCADA.ST,,,,,
PUR_TT205_QDRIVE253_HH,XE1T.PUR_TT205_HH_REQ2SCADA.PI,,,,,
PUR_TT205_QDRIVE253_HHB,XE1T.PUR_TT205_A_HH_REQ2SCADA.ST,,,,,
PUR_TT206_QDRIVE253_H,XE1T.PUR_TT206_H_REQ2SCADA.PI,,,,,
PUR_TT206_QDRIVE253_HB,XE1T.PUR_TT206_A_H_REQ2SCADA.ST,,,,,
PUR_TT206_QDRIVE253_HH,XE1T.PUR_TT206_HH_REQ2SCADA.PI,,,,,
PUR_TT206_QDRIVE253_HHB,XE1T.PUR_TT206_A_HH_REQ2SCADA.ST,,,,,
PUR_TE206,XE1T.PUR_TT206_TQDRIVE253_AI_.PI,Temperature at Q-drive 3 outlet,,degC,,
PUR_TE203,XE1T.PUR_TT203_TQDRIVE252_AI_.PI,Temperature at Q-drive 2 body,,degC,,
PUR_TE204,XE1T.PUR_TT204_TQDRIVE252_AI_.PI,Temperature at Q-drive 2 outlet,,degC,,
PUR_TE207,XE1T.PUR_TT207_TQDRIVE254_AI_.PI,Temperature at Q-drive 4 body,,degC,,
PUR_TE208,XE1T.PUR_TT208_TQDRIVE254_AI_.PI,Temperature at Q-drive 4 outlet,,degC,,
PUR_VT253,XE1T.PUR_VT253_QDRIVE253_AI_.PI,Vibration of Q-drive 3,VT253,g (rms),,
,XE1T.CTPC.BOARD06.CHAN005.VMON,PMT 000 bias voltage,,,,
,XE1T.CTPC.BOARD08.CHAN000.VMON,PMT 001 bias voltage,,,,
,XE1T.CTPC.BOARD08.CHAN001.VMON,PMT 002 bias voltage,,,,
,XE1T.CTPC.BOARD08.CHAN002.VMON,PMT 003 bias voltage,,,,
,XE1T.CTPC.BOARD08.CHAN003.VMON,PMT 004 bias voltage,,,,
,XE1T.CTPC.BOARD08.CHAN004.VMON,PMT 005 bias voltage,,,,
,XE1T.CTPC.BOARD08.CHAN005.VMON,PMT 006 bias voltage,,,,
,XE1T.CTPC.BOARD03.CHAN000.VMON,PMT 007 bias voltage,,,,
,XE1T.CTPC.BOARD03.CHAN001.VMON,PMT 008 bias voltage,,,,
,XE1T.CTPC.BOARD03.CHAN002.VMON,PMT 009 bias voltage,,,,
,XE1T.CTPC.BOARD03.CHAN003.VMON,PMT 010 bias voltage,,,,
,XE1T.CTPC.BOARD03.CHAN004.VMON,PMT 011 bias voltage,,,,
,XE1T.CTPC.BOARD03.CHAN005.VMON,PMT 012 bias voltage,,,,
,XE1T.CTPC.BOARD05.CHAN000.VMON,PMT 013 bias voltage,,,,
,XE1T.CTPC.BOARD05.CHAN001.VMON,PMT 014 bias voltage,,,,
,XE1T.CTPC.BOARD05.CHAN002.VMON,PMT 015 bias voltage,,,,
,XE1T.CTPC.BOARD05.CHAN003.VMON,PMT 016 bias voltage,,,,
,XE1T.CTPC.BOARD05.CHAN004.VMON,PMT 017 bias voltage,,,,
,XE1T.CTPC.BOARD05.CHAN005.VMON,PMT 018 bias voltage,,,,
,XE1T.CTPC.BOARD07.CHAN000.VMON,PMT 019 bias voltage,,,,
,XE1T.CTPC.BOARD07.CHAN001.VMON,PMT 020 bias voltage,,,,
,XE1T.CTPC.BOARD07.CHAN002.VMON,PMT 021 bias voltage,,,,
,XE1T.CTPC.BOARD07.CHAN003.VMON,PMT 022 bias voltage,,,,
,XE1T.CTPC.BOARD07.CHAN004.VMON,PMT 023 bias voltage,,,,
,XE1T.CTPC.BOARD07.CHAN005.VMON,PMT 024 bias voltage,,,,
,XE1T.CTPC.BOARD04.CHAN000.VMON,PMT 025 bias voltage,,,,
,XE1T.CTPC.BOARD04.CHAN001.VMON,PMT 026 bias voltage,,,,
,XE1T.CTPC.BOARD04.CHAN002.VMON,PMT 027 bias voltage,,,,
,XE1T.CTPC.BOARD04.CHAN003.VMON,PMT 028 bias voltage,,,,
,XE1T.CTPC.BOARD04.CHAN004.VMON,PMT 029 bias voltage,,,,
,XE1T.CTPC.BOARD04.CHAN005.VMON,PMT 030 bias voltage,,,,
,XE1T.CTPC.BOARD06.CHAN000.VMON,PMT 031 bias voltage,,,,
,XE1T.CTPC.BOARD06.CHAN001.VMON,PMT 032 bias voltage,,,,
,XE1T.CTPC.BOARD06.CHAN002.VMON,PMT 033 bias voltage,,,,
,XE1T.CTPC.BOARD06.CHAN003.VMON,PMT 034 bias voltage,,,,
,XE1T.CTPC.BOARD06.CHAN004.VMON,PMT 035 bias voltage,,,,
,XE1T.CTPC.BOARD06.CHAN010.VMON,PMT 036 bias voltage,,,,
,XE1T.CTPC.BOARD06.CHAN011.VMON,PMT 037 bias voltage,,,,
,XE1T.CTPC.BOARD08.CHAN006.VMON,PMT 038 bias voltage,,,,
,XE1T.CTPC.BOARD08.CHAN007.VMON,PMT 039 bias voltage,,,,
,XE1T.CTPC.BOARD08.CHAN008.VMON,PMT 040 bias voltage,,,,
,XE1T.CTPC.BOARD08.CHAN009.VMON,PMT 041 bias voltage,,,,
,XE1T.CTPC.BOARD03.CHAN006.VMON,PMT 042 bias voltage,,,,
,XE1T.CTPC.BOARD03.CHAN007.VMON,PMT 043 bias voltage,,,,
,XE1T.CTPC.BOARD03.CHAN008.VMON,PMT 044 bias voltage,,,,
,XE1T.CTPC.BOARD03.CHAN009.VMON,PMT 045 bias voltage,,,,
,XE1T.CTPC.BOARD03.CHAN010.VMON,PMT 046 bias voltage,,,,
,XE1T.CTPC.BOARD05.CHAN006.VMON,PMT 047 bias voltage,,,,
,XE1T.CTPC.BOARD05.CHAN007.VMON,PMT 048 bias voltage,,,,
,XE1T.CTPC.BOARD05.CHAN008.VMON,PMT 049 bias voltage,,,,
,XE1T.CTPC.BOARD05.CHAN009.VMON,PMT 050 bias voltage,,,,
,XE1T.CTPC.BOARD05.CHAN010.VMON,PMT 051 bias voltage,,,,
,XE1T.CTPC.BOARD05.CHAN011.VMON,PMT 052 bias voltage,,,,
,XE1T.CTPC.BOARD07.CHAN006.VMON,PMT 053 bias voltage,,,,
,XE1T.CTPC.BOARD07.CHAN007.VMON,PMT 054 bias voltage,,,,
,XE1T.CTPC.BOARD07.CHAN008.VMON,PMT 055 bias voltage,,,,
,XE1T.CTPC.BOARD07.CHAN009.VMON,PMT 056 bias voltage,,,,
,XE1T.CTPC.BOARD04.CHAN006.VMON,PMT 057 bias voltage,,,,
,XE1T.CTPC.BOARD04.CHAN007.VMON,PMT 058 bias voltage,,,,
,XE1T.CTPC.BOARD04.CHAN008.VMON,PMT 059 bias voltage,,,,
,XE1T.CTPC.BOARD04.CHAN009.VMON,PMT 060 bias voltage,,,,
,XE1T.CTPC.BOARD04.CHAN010.VMON,PMT 061 bias voltage,,,,
,XE1T.CTPC.BOARD06.CHAN006.VMON,PMT 062 bias voltage,,,,
,XE1T.CTPC.BOARD06.CHAN007.VMON,PMT 063 bias voltage,,,,
,XE1T.CTPC.BOARD06.CHAN008.VMON,PMT 064 bias voltage,,,,
,XE1T.CTPC.BOARD06.CHAN009.VMON,PMT 065 bias voltage,,,,
,XE1T.CTPC.BOARD06.CHAN015.VMON,PMT 066 bias voltage,,,,
,XE1T.CTPC.BOARD06.CHAN016.VMON,PMT 067 bias voltage,,,,
,XE1T.CTPC.BOARD08.CHAN010.VMON,PMT 068 bias voltage,,,,
,XE1T.CTPC.BOARD08.CHAN011.VMON,PMT 069 bias voltage,,,,
,XE1T.CTPC.BOARD03.CHAN011.VMON,PMT 070 bias voltage,,,,
,XE1T.CTPC.BOARD03.CHAN012.VMON,PMT 071 bias voltage,,,,
,XE1T.CTPC.BOARD03.CHAN013.VMON,PMT 072 bias voltage,,,,
,XE1T.CTPC.BOARD03.CHAN014.VMON,PMT 073 bias voltage,,,,
,XE1T.CTPC.BOARD03.CHAN015.VMON,PMT 074 bias voltage,,,,
,XE1T.CTPC.BOARD05.CHAN012.VMON,PMT 075 bias voltage,,,,
,XE1T.CTPC.BOARD05.CHAN013.VMON,PMT 076 bias voltage,,,,
,XE1T.CTPC.BOARD05.CHAN014.VMON,PMT 077 bias voltage,,,,
,XE1T.CTPC.BOARD05.CHAN015.VMON,PMT 078 bias voltage,,,,
,XE1T.CTPC.BOARD05.CHAN016.VMON,PMT 079 bias voltage,,,,
,XE1T.CTPC.BOARD07.CHAN010.VMON,PMT 080 bias voltage,,,,
,XE1T.CTPC.BOARD07.CHAN011.VMON,PMT 081 bias voltage,,,,
,XE1T.CTPC.BOARD04.CHAN011.VMON,PMT 082 bias voltage,,,,
,XE1T.CTPC.BOARD04.CHAN012.VMON,PMT 083 bias voltage,,,,
,XE1T.CTPC.BOARD04.CHAN013.VMON,PMT 084 bias voltage,,,,
,XE1T.CTPC.BOARD04.CHAN014.VMON,PMT 085 bias voltage,,,,
,XE1T.CTPC.BOARD04.CHAN015.VMON,PMT 086 bias voltage,,,,
,XE1T.CTPC.BOARD06.CHAN012.VMON,PMT 087 bias voltage,,,,
,XE1T.CTPC.BOARD06.CHAN013.VMON,PMT 088 bias voltage,,,,
,XE1T.CTPC.BOARD06.CHAN014.VMON,PMT 089 bias voltage,,,,
,XE1T.CTPC.BOARD06.CHAN019.VMON,PMT 090 bias voltage,,,,
,XE1T.CTPC.BOARD06.CHAN020.VMON,PMT 091 bias voltage,,,,
,XE1T.CTPC.BOARD08.CHAN012.VMON,PMT 092 bias voltage,,,,
,XE1T.CTPC.BOARD03.CHAN016.VMON,PMT 093 bias voltage,,,,
,XE1T.CTPC.BOARD03.CHAN017.VMON,PMT 094 bias voltage,,,,
,XE1T.CTPC.BOARD03.CHAN018.VMON,PMT 095 bias voltage,,,,
,XE1T.CTPC.BOARD03.CHAN019.VMON,PMT 096 bias voltage,,,,
,XE1T.CTPC.BOARD05.CHAN017.VMON,PMT 097 bias voltage,,,,
,XE1T.CTPC.BOARD05.CHAN018.VMON,PMT 098 bias voltage,,,,
,XE1T.CTPC.BOARD05.CHAN019.VMON,PMT 099 bias voltage,,,,
,XE1T.CTPC.BOARD05.CHAN020.VMON,PMT 100 bias voltage,,,,
,XE1T.CTPC.BOARD07.CHAN012.VMON,PMT 101 bias voltage,,,,
,XE1T.CTPC.BOARD04.CHAN016.VMON,PMT 102 bias voltage,,,,
,XE1T.CTPC.BOARD04.CHAN017.VMON,PMT 103 bias voltage,,,,
,XE1T.CTPC.BOARD04.CHAN018.VMON,PMT 104 bias voltage,,,,
,XE1T.CTPC.BOARD04.CHAN019.VMON,PMT 105 bias voltage,,,,
,XE1T.CTPC.BOARD06.CHAN017.VMON,PMT 106 bias voltage,,,,
,XE1T.CTPC.BOARD06.CHAN018.VMON,PMT 107 bias voltage,,,,
,XE1T.CTPC.BOARD06.CHAN022.VMON,PMT 108 bias voltage,,,,
,XE1T.CTPC.BOARD08.CHAN013.VMON,PMT 109 bias voltage,,,,
,XE1T.CTPC.BOARD03.CHAN020.VMON,PMT 110 bias voltage,,,,
,XE1T.CTPC.BOARD03.CHAN021.VMON,PMT 111 bias voltage,,,,
,XE1T.CTPC.BOARD03.CHAN022.VMON,PMT 112 bias voltage,,,,
,XE1T.CTPC.BOARD05.CHAN021.VMON,PMT 113 bias voltage,,,,
,XE1T.CTPC.BOARD05.CHAN022.VMON,PMT 114 bias voltage,,,,
,XE1T.CTPC.BOARD07.CHAN013.VMON,PMT 115 bias voltage,,,,
,XE1T.CTPC.BOARD04.CHAN020.VMON,PMT 116 bias voltage,,,,
,XE1T.CTPC.BOARD04.CHAN021.VMON,PMT 117 bias voltage,,,,
,XE1T.CTPC.BOARD04.CHAN022.VMON,PMT 118 bias voltage,,,,
,XE1T.CTPC.BOARD06.CHAN021.VMON,PMT 119 bias voltage,,,,
,XE1T.CTPC.BOARD06.CHAN023.VMON,PMT 120 bias voltage,,,,
,XE1T.CTPC.BOARD08.CHAN014.VMON,PMT 121 bias voltage,,,,
,XE1T.CTPC.BOARD03.CHAN023.VMON,PMT 122 bias voltage,,,,
,XE1T.CTPC.BOARD05.CHAN023.VMON,PMT 123 bias voltage,,,,
,XE1T.CTPC.BOARD07.CHAN014.VMON,PMT 124 bias voltage,,,,
,XE1T.CTPC.BOARD04.CHAN023.VMON,PMT 125 bias voltage,,,,
,XE1T.CTPC.BOARD07.CHAN015.VMON,PMT 126 bias voltage,,,,
,XE1T.CTPC.BOARD09.CHAN000.VMON,PMT 127 bias voltage,,,,
,XE1T.CTPC.BOARD09.CHAN001.VMON,PMT 128 bias voltage,,,,
,XE1T.CTPC.BOARD09.CHAN002.VMON,PMT 129 bias voltage,,,,
,XE1T.CTPC.BOARD09.CHAN003.VMON,PMT 130 bias voltage,,,,
,XE1T.CTPC.BOARD09.CHAN004.VMON,PMT 131 bias voltage,,,,
,XE1T.CTPC.BOARD11.CHAN000.VMON,PMT 132 bias voltage,,,,
,XE1T.CTPC.BOARD11.CHAN001.VMON,PMT 133 bias voltage,,,,
,XE1T.CTPC.BOARD09.CHAN005.VMON,PMT 134 bias voltage,,,,
,XE1T.CTPC.BOARD09.CHAN006.VMON,PMT 135 bias voltage,,,,
,XE1T.CTPC.BOARD09.CHAN007.VMON,PMT 136 bias voltage,,,,
,XE1T.CTPC.BOARD09.CHAN008.VMON,PMT 137 bias voltage,,,,
,XE1T.CTPC.BOARD09.CHAN009.VMON,PMT 138 bias voltage,,,,
,XE1T.CTPC.BOARD09.CHAN010.VMON,PMT 139 bias voltage,,,,
,XE1T.CTPC.BOARD11.CHAN002.VMON,PMT 140 bias voltage,,,,
,XE1T.CTPC.BOARD11.CHAN003.VMON,PMT 141 bias voltage,,,,
,XE1T.CTPC.BOARD11.CHAN004.VMON,PMT 142 bias voltage,,,,
,XE1T.CTPC.BOARD09.CHAN011.VMON,PMT 143 bias voltage,,,,
,XE1T.CTPC.BOARD09.CHAN012.VMON,PMT 144 bias voltage,,,,
,XE1T.CTPC.BOARD09.CHAN013.VMON,PMT 145 bias voltage,,,,
,XE1T.CTPC.BOARD09.CHAN014.VMON,PMT 146 bias voltage,,,,
,XE1T.CTPC.BOARD09.CHAN015.VMON,PMT 147 bias voltage,,,,
,XE1T.CTPC.BOARD08.CHAN021.VMON,PMT 148 bias voltage,,,,
,XE1T.CTPC.BOARD11.CHAN005.VMON,PMT 149 bias voltage,,,,
,XE1T.CTPC.BOARD11.CHAN006.VMON,PMT 150 bias voltage,,,,
,XE1T.CTPC.BOARD11.CHAN007.VMON,PMT 151 bias voltage,,,,
,XE1T.CTPC.BOARD11.CHAN008.VMON,PMT 152 bias voltage,,,,
,XE1T.CTPC.BOARD09.CHAN016.VMON,PMT 153 bias voltage,,,,
,XE1T.CTPC.BOARD09.CHAN017.VMON,PMT 154 bias voltage,,,,
,XE1T.CTPC.BOARD09.CHAN018.VMON,PMT 155 bias voltage,,,,
,XE1T.CTPC.BOARD09.CHAN019.VMON,PMT 156 bias voltage,,,,
,XE1T.CTPC.BOARD10.CHAN000.VMON,PMT 157 bias voltage,,,,
,XE1T.CTPC.BOARD10.CHAN001.VMON,PMT 158 bias voltage,,,,
,XE1T.CTPC.BOARD11.CHAN009.VMON,PMT 159 bias voltage,,,,
,XE1T.CTPC.BOARD11.CHAN010.VMON,PMT 160 bias voltage,,,,
,XE1T.CTPC.BOARD11.CHAN011.VMON,PMT 161 bias voltage,,,,
,XE1T.CTPC.BOARD11.CHAN012.VMON,PMT 162 bias voltage,,,,
,XE1T.CTPC.BOARD11.CHAN013.VMON,PMT 163 bias voltage,,,,
,XE1T.CTPC.BOARD09.CHAN020.VMON,PMT 164 bias voltage,,,,
,XE1T.CTPC.BOARD09.CHAN021.VMON,PMT 165 bias voltage,,,,
,XE1T.CTPC.BOARD09.CHAN022.VMON,PMT 166 bias voltage,,,,
,XE1T.CTPC.BOARD10.CHAN002.VMON,PMT 167 bias voltage,,,,
,XE1T.CTPC.BOARD10.CHAN003.VMON,PMT 168 bias voltage,,,,
,XE1T.CTPC.BOARD10.CHAN004.VMON,PMT 169 bias voltage,,,,
,XE1T.CTPC.BOARD11.CHAN014.VMON,PMT 170 bias voltage,,,,
,XE1T.CTPC.BOARD11.CHAN015.VMON,PMT 171 bias voltage,,,,
,XE1T.CTPC.BOARD11.CHAN016.VMON,PMT 172 bias voltage,,,,
,XE1T.CTPC.BOARD11.CHAN017.VMON,PMT 173 bias voltage,,,,
,XE1T.CTPC.BOARD11.CHAN018.VMON,PMT 174 bias voltage,,,,
,XE1T.CTPC.BOARD11.CHAN019.VMON,PMT 175 bias voltage,,,,
,XE1T.CTPC.BOARD09.CHAN023.VMON,PMT 176 bias voltage,,,,
,XE1T.CTPC.BOARD10.CHAN005.VMON,PMT 177 bias voltage,,,,
,XE1T.CTPC.BOARD10.CHAN006.VMON,PMT 178 bias voltage,,,,
,XE1T.CTPC.BOARD10.CHAN007.VMON,PMT 179 bias voltage,,,,
,XE1T.CTPC.BOARD10.CHAN008.VMON,PMT 180 bias voltage,,,,
,XE1T.CTPC.BOARD10.CHAN009.VMON,PMT 181 bias voltage,,,,
,XE1T.CTPC.BOARD11.CHAN020.VMON,PMT 182 bias voltage,,,,
,XE1T.CTPC.BOARD11.CHAN021.VMON,PMT 183 bias voltage,,,,
,XE1T.CTPC.BOARD13.CHAN000.VMON,PMT 184 bias voltage,,,,
,XE1T.CTPC.BOARD13.CHAN001.VMON,PMT 185 bias voltage,,,,
,XE1T.CTPC.BOARD13.CHAN002.VMON,PMT 186 bias voltage,,,,
,XE1T.CTPC.BOARD11.CHAN022.VMON,PMT 187 bias voltage,,,,
,XE1T.CTPC.BOARD10.CHAN010.VMON,PMT 188 bias voltage,,,,
,XE1T.CTPC.BOARD10.CHAN011.VMON,PMT 189 bias voltage,,,,
,XE1T.CTPC.BOARD10.CHAN012.VMON,PMT 190 bias voltage,,,,
,XE1T.CTPC.BOARD10.CHAN013.VMON,PMT 191 bias voltage,,,,
,XE1T.CTPC.BOARD10.CHAN014.VMON,PMT 192 bias voltage,,,,
,XE1T.CTPC.BOARD11.CHAN023.VMON,PMT 193 bias voltage,,,,
,XE1T.CTPC.BOARD13.CHAN003.VMON,PMT 194 bias voltage,,,,
,XE1T.CTPC.BOARD13.CHAN004.VMON,PMT 195 bias voltage,,,,
,XE1T.CTPC.BOARD13.CHAN005.VMON,PMT 196 bias voltage,,,,
,XE1T.CTPC.BOARD13.CHAN006.VMON,PMT 197 bias voltage,,,,
,XE1T.CTPC.BOARD13.CHAN007.VMON,PMT 198 bias voltage,,,,
,XE1T.CTPC.BOARD12.CHAN000.VMON,PMT 199 bias voltage,,,,
,XE1T.CTPC.BOARD12.CHAN001.VMON,PMT 200 bias voltage,,,,
,XE1T.CTPC.BOARD10.CHAN015.VMON,PMT 201 bias voltage,,,,
,XE1T.CTPC.BOARD10.CHAN016.VMON,PMT 202 bias voltage,,,,
,XE1T.CTPC.BOARD10.CHAN017.VMON,PMT 203 bias voltage,,,,
,XE1T.CTPC.BOARD10.CHAN018.VMON,PMT 204 bias voltage,,,,
,XE1T.CTPC.BOARD13.CHAN008.VMON,PMT 205 bias voltage,,,,
,XE1T.CTPC.BOARD13.CHAN009.VMON,PMT 206 bias voltage,,,,
,XE1T.CTPC.BOARD13.CHAN010.VMON,PMT 207 bias voltage,,,,
,XE1T.CTPC.BOARD13.CHAN011.VMON,PMT 208 bias voltage,,,,
,XE1T.CTPC.BOARD13.CHAN012.VMON,PMT 209 bias voltage,,,,
,XE1T.CTPC.BOARD12.CHAN002.VMON,PMT 210 bias voltage,,,,
,XE1T.CTPC.BOARD12.CHAN003.VMON,PMT 211 bias voltage,,,,
,XE1T.CTPC.BOARD12.CHAN004.VMON,PMT 212 bias voltage,,,,
,XE1T.CTPC.BOARD10.CHAN019.VMON,PMT 213 bias voltage,,,,
,XE1T.CTPC.BOARD10.CHAN020.VMON,PMT 214 bias voltage,,,,
,XE1T.CTPC.BOARD10.CHAN021.VMON,PMT 215 bias voltage,,,,
,XE1T.CTPC.BOARD13.CHAN013.VMON,PMT 216 bias voltage,,,,
,XE1T.CTPC.BOARD13.CHAN014.VMON,PMT 217 bias voltage,,,,
,XE1T.CTPC.BOARD13.CHAN015.VMON,PMT 218 bias voltage,,,,
,XE1T.CTPC.BOARD13.CHAN016.VMON,PMT 219 bias voltage,,,,
,XE1T.CTPC.BOARD12.CHAN005.VMON,PMT 220 bias voltage,,,,
,XE1T.CTPC.BOARD12.CHAN006.VMON,PMT 221 bias voltage,,,,
,XE1T.CTPC.BOARD12.CHAN007.VMON,PMT 222 bias voltage,,,,
,XE1T.CTPC.BOARD12.CHAN008.VMON,PMT 223 bias voltage,,,,
,XE1T.CTPC.BOARD10.CHAN022.VMON,PMT 224 bias voltage,,,,
,XE1T.CTPC.BOARD10.CHAN023.VMON,PMT 225 bias voltage,,,,
,XE1T.CTPC.BOARD13.CHAN017.VMON,PMT 226 bias voltage,,,,
,XE1T.CTPC.BOARD13.CHAN018.VMON,PMT 227 bias voltage,,,,
,XE1T.CTPC.BOARD13.CHAN019.VMON,PMT 228 bias voltage,,,,
,XE1T.CTPC.BOARD12.CHAN009.VMON,PMT 229 bias voltage,,,,
,XE1T.CTPC.BOARD12.CHAN010.VMON,PMT 230 bias voltage,,,,
,XE1T.CTPC.BOARD12.CHAN011.VMON,PMT 231 bias voltage,,,,
,XE1T.CTPC.BOARD12.CHAN012.VMON,PMT 232 bias voltage,,,,
,XE1T.CTPC.BOARD12.CHAN013.VMON,PMT 233 bias voltage,,,,
,XE1T.CTPC.BOARD12.CHAN014.VMON,PMT 234 bias voltage,,,,
,XE1T.CTPC.BOARD13.CHAN020.VMON,PMT 235 bias voltage,,,,
,XE1T.CTPC.BOARD13.CHAN021.VMON,PMT 236 bias voltage,,,,
,XE1T.CTPC.BOARD13.CHAN022.VMON,PMT 237 bias voltage,,,,
,XE1T.CTPC.BOARD12.CHAN015.VMON,PMT 238 bias voltage,,,,
,XE1T.CTPC.BOARD12.CHAN016.VMON,PMT 239 bias voltage,,,,
,XE1T.CTPC.BOARD12.CHAN017.VMON,PMT 240 bias voltage,,,,
,XE1T.CTPC.BOARD12.CHAN018.VMON,PMT 241 bias voltage,,,,
,XE1T.CTPC.BOARD12.CHAN019.VMON,PMT 242 bias voltage,,,,
,XE1T.CTPC.BOARD13.CHAN023.VMON,PMT 243 bias voltage,,,,
,XE1T.CTPC.BOARD12.CHAN020.VMON,PMT 244 bias voltage,,,,
,XE1T.CTPC.BOARD12.CHAN021.VMON,PMT 245 bias voltage,,,,
,XE1T.CTPC.BOARD12.CHAN022.VMON,PMT 246 bias voltage,,,,
,XE1T.CTPC.BOARD12.CHAN023.VMON,PMT 247 bias voltage,,,,
,XE1T.CTPC.BOARD08.CHAN015.VMON,PMT 248 bias voltage,,,,
,XE1T.CTPC.BOARD08.CHAN016.VMON,PMT 249 bias voltage,,,,
,XE1T.CTPC.BOARD08.CHAN017.VMON,PMT 250 bias voltage,,,,
,XE1T.CTPC.BOARD08.CHAN018.VMON,PMT 251 bias voltage,,,,
,XE1T.CTPC.BOARD08.CHAN019.VMON,PMT 252 bias voltage,,,,
,XE1T.CTPC.BOARD08.CHAN020.VMON,PMT 253 bias voltage,,,,
,XE1T.CTPC.BOARD14.CHAN000.VMON,Anode voltage,,,,
